site_id,property_name,source,category,label,value,raw
"ocpet5b7hm","Modern/High Ceilings 2bed/2 bath","search_price_tooltip","","Base Rent","$1,250","{""label"":""Base Rent"",""value"":""$1,250""}"
"ocpet5b7hm","Modern/High Ceilings 2bed/2 bath","search_price_tooltip","","Required Monthly Fees","None","{""label"":""Required Monthly Fees"",""value"":""None""}"
"ocpet5b7hm","Modern/High Ceilings 2bed/2 bath","detail_expenses_utilities","utilities","Electricity","","{""name"":""Electricity"",""price"":""Included"",""category"":""Utility""}"
"ocpet5b7hm","Modern/High Ceilings 2bed/2 bath","detail_expenses_utilities","utilities","Gas","","{""name"":""Gas"",""price"":""Included"",""category"":""Utility""}"
"ocpet5b7hm","Modern/High Ceilings 2bed/2 bath","detail_expenses_utilities","utilities","Heat","","{""name"":""Heat"",""price"":""Included"",""category"":""Utility""}"
"ocpet5b7hm","Modern/High Ceilings 2bed/2 bath","detail_expenses_utilities","utilities","Trash Removal","","{""name"":""Trash Removal"",""price"":""Included"",""category"":""Utility""}"
"ocpet5b7hm","Modern/High Ceilings 2bed/2 bath","detail_expenses_utilities","utilities","Water/Sewer","","{""name"":""Water/Sewer"",""price"":""Included"",""category"":""Utility""}"
"ocpvcjy8we","Rare 4 bedroom 4 full bath only $2200. per month","search_price_tooltip","","Base Rent","$2,200","{""label"":""Base Rent"",""value"":""$2,200""}"
"ocpvcjy8we","Rare 4 bedroom 4 full bath only $2200. per month","search_price_tooltip","","Required Monthly Fees","None","{""label"":""Required Monthly Fees"",""value"":""None""}"
"ocpvcjy8we","Rare 4 bedroom 4 full bath only $2200. per month","detail_expenses_utilities","utilities","Water/Sewer","","{""name"":""Water/Sewer"",""price"":""Included"",""category"":""Utility""}"
"7e6kx1w","Centennial Ridge Student Housing","detail_expenses_utilities","utilities","Air Conditioning","","{""name"":""Air Conditioning"",""price"":""Included"",""category"":""Utility""}"
"7e6kx1w","Centennial Ridge Student Housing","detail_expenses_utilities","utilities","Electricity","","{""name"":""Electricity"",""price"":""Included"",""category"":""Utility""}"
"7e6kx1w","Centennial Ridge Student Housing","detail_expenses_utilities","utilities","Heat","","{""name"":""Heat"",""price"":""Included"",""category"":""Utility""}"
"7e6kx1w","Centennial Ridge Student Housing","detail_expenses_utilities","utilities","High-Speed Internet","","{""name"":""High-Speed Internet"",""price"":""Included"",""category"":""Utility""}"
"7e6kx1w","Centennial Ridge Student Housing","detail_expenses_utilities","utilities","Water/Sewer","","{""name"":""Water/Sewer"",""price"":""Included"",""category"":""Utility""}"
"ocpw46rjcl","Brand New Luxury Furnished Townhome | 4 Bed /  3.5 Bath | 5 Min to NC State & 3 Mins to Fenton +shop","search_price_tooltip","","Base Rent","$900 - $1,050","{""label"":""Base Rent"",""value"":""$900 - $1,050""}"
"ocpw46rjcl","Brand New Luxury Furnished Townhome | 4 Bed /  3.5 Bath | 5 Min to NC State & 3 Mins to Fenton +shop","search_price_tooltip","","Required Monthly Fees","None","{""label"":""Required Monthly Fees"",""value"":""None""}"
"mc0h4yh","The Reserve at Patterson Place","detail_expenses_one_time","one_time","Security Deposit","","{""name"":""Security Deposit"",""price"":""$350"",""category"":""Admin""}"
"ocpchygggd","Hurry 2 Rooms Left! – 4BR/4BA Condo Near NC State  – All Utilities & Internet Included!","search_price_tooltip","","Base Rent","$695","{""label"":""Base Rent"",""value"":""$695""}"
"ocpchygggd","Hurry 2 Rooms Left! – 4BR/4BA Condo Near NC State  – All Utilities & Internet Included!","search_price_tooltip","","Required Monthly Fees","None","{""label"":""Required Monthly Fees"",""value"":""None""}"
"ocpchygggd","Hurry 2 Rooms Left! – 4BR/4BA Condo Near NC State  – All Utilities & Internet Included!","detail_expenses_utilities","utilities","Electricity","","{""name"":""Electricity"",""price"":""Included"",""category"":""Utility""}"
"ocpchygggd","Hurry 2 Rooms Left! – 4BR/4BA Condo Near NC State  – All Utilities & Internet Included!","detail_expenses_utilities","utilities","Gas","","{""name"":""Gas"",""price"":""Included"",""category"":""Utility""}"
"ocpchygggd","Hurry 2 Rooms Left! – 4BR/4BA Condo Near NC State  – All Utilities & Internet Included!","detail_expenses_utilities","utilities","Heat","","{""name"":""Heat"",""price"":""Included"",""category"":""Utility""}"
"ocpchygggd","Hurry 2 Rooms Left! – 4BR/4BA Condo Near NC State  – All Utilities & Internet Included!","detail_expenses_utilities","utilities","High-Speed Internet","","{""name"":""High-Speed Internet"",""price"":""Included"",""category"":""Utility""}"
"ocpchygggd","Hurry 2 Rooms Left! – 4BR/4BA Condo Near NC State  – All Utilities & Internet Included!","detail_expenses_utilities","utilities","Recycling","","{""name"":""Recycling"",""price"":""Included"",""category"":""Utility""}"
"ocpchygggd","Hurry 2 Rooms Left! – 4BR/4BA Condo Near NC State  – All Utilities & Internet Included!","detail_expenses_utilities","utilities","Trash Removal","","{""name"":""Trash Removal"",""price"":""Included"",""category"":""Utility""}"
"ocpchygggd","Hurry 2 Rooms Left! – 4BR/4BA Condo Near NC State  – All Utilities & Internet Included!","detail_expenses_utilities","utilities","Water/Sewer","","{""name"":""Water/Sewer"",""price"":""Included"",""category"":""Utility""}"
"ocpesl9n3p","maisonNC --- Fully Furnished minutes away from Wolfline and Shopping","search_price_tooltip","","Base Rent","$750","{""label"":""Base Rent"",""value"":""$750""}"
"ocpesl9n3p","maisonNC --- Fully Furnished minutes away from Wolfline and Shopping","search_price_tooltip","","Required Monthly Fees","None","{""label"":""Required Monthly Fees"",""value"":""None""}"
"lvqgnje","Trellis-University Hill","detail_expenses_utilities","utilities","Cable","","{""name"":""Cable"",""price"":""Included"",""category"":""Utility""}"
"lvqgnje","Trellis-University Hill","detail_expenses_utilities","utilities","High-Speed Internet","","{""name"":""High-Speed Internet"",""price"":""Included"",""category"":""Utility""}"
"lvqgnje","Trellis-University Hill","detail_expenses_utilities","utilities","Trash Removal","","{""name"":""Trash Removal"",""price"":""Included"",""category"":""Utility""}"
"lvqgnje","Trellis-University Hill","detail_expenses_utilities","utilities","Water/Sewer","","{""name"":""Water/Sewer"",""price"":""Included"",""category"":""Utility""}"
"ocpcm3jede","maisonNC --- Fully Furnished minutes away from Wolfline and Shopping","search_price_tooltip","","Base Rent","$750","{""label"":""Base Rent"",""value"":""$750""}"
"ocpcm3jede","maisonNC --- Fully Furnished minutes away from Wolfline and Shopping","search_price_tooltip","","Required Monthly Fees","None","{""label"":""Required Monthly Fees"",""value"":""None""}"
"ocpcm3jede","maisonNC --- Fully Furnished minutes away from Wolfline and Shopping","detail_expenses_utilities","utilities","Cable","","{""name"":""Cable"",""price"":""Included"",""category"":""Utility""}"
"ocpcm3jede","maisonNC --- Fully Furnished minutes away from Wolfline and Shopping","detail_expenses_utilities","utilities","Electricity","","{""name"":""Electricity"",""price"":""Included"",""category"":""Utility""}"
"ocpcm3jede","maisonNC --- Fully Furnished minutes away from Wolfline and Shopping","detail_expenses_utilities","utilities","Heat","","{""name"":""Heat"",""price"":""Included"",""category"":""Utility""}"
"ocpcm3jede","maisonNC --- Fully Furnished minutes away from Wolfline and Shopping","detail_expenses_utilities","utilities","High-Speed Internet","","{""name"":""High-Speed Internet"",""price"":""Included"",""category"":""Utility""}"
"ocpcm3jede","maisonNC --- Fully Furnished minutes away from Wolfline and Shopping","detail_expenses_utilities","utilities","Recycling","","{""name"":""Recycling"",""price"":""Included"",""category"":""Utility""}"
"ocpcm3jede","maisonNC --- Fully Furnished minutes away from Wolfline and Shopping","detail_expenses_utilities","utilities","Water/Sewer","","{""name"":""Water/Sewer"",""price"":""Included"",""category"":""Utility""}"
"ocpnx5c0kn","Modern & spacious 3BR/3BA Apartment w/View","search_price_tooltip","","Base Rent","$1,000","{""label"":""Base Rent"",""value"":""$1,000""}"
"ocpnx5c0kn","Modern & spacious 3BR/3BA Apartment w/View","search_price_tooltip","","Required Monthly Fees","None","{""label"":""Required Monthly Fees"",""value"":""None""}"
"ocpnx5c0kn","Modern & spacious 3BR/3BA Apartment w/View","detail_expenses_utilities","utilities","Electricity","","{""name"":""Electricity"",""price"":""Included"",""category"":""Utility""}"
"ocpnx5c0kn","Modern & spacious 3BR/3BA Apartment w/View","detail_expenses_utilities","utilities","Gas","","{""name"":""Gas"",""price"":""Included"",""category"":""Utility""}"
"ocpnx5c0kn","Modern & spacious 3BR/3BA Apartment w/View","detail_expenses_utilities","utilities","Heat","","{""name"":""Heat"",""price"":""Included"",""category"":""Utility""}"
"ocpnx5c0kn","Modern & spacious 3BR/3BA Apartment w/View","detail_expenses_utilities","utilities","High-Speed Internet","","{""name"":""High-Speed Internet"",""price"":""Included"",""category"":""Utility""}"
"ocpnx5c0kn","Modern & spacious 3BR/3BA Apartment w/View","detail_expenses_utilities","utilities","Trash Removal","","{""name"":""Trash Removal"",""price"":""Included"",""category"":""Utility""}"
"ocpnx5c0kn","Modern & spacious 3BR/3BA Apartment w/View","detail_expenses_utilities","utilities","Water/Sewer","","{""name"":""Water/Sewer"",""price"":""Included"",""category"":""Utility""}"
"ll5gb9f","Rhyne's Gate Apartments","detail_expenses_utilities","utilities","Air Conditioning","","{""name"":""Air Conditioning"",""price"":""Included"",""category"":""Utility""}"
"ll5gb9f","Rhyne's Gate Apartments","detail_expenses_utilities","utilities","Cable","","{""name"":""Cable"",""price"":""Included"",""category"":""Utility""}"
"ll5gb9f","Rhyne's Gate Apartments","detail_expenses_utilities","utilities","Trash Removal","","{""name"":""Trash Removal"",""price"":""Included"",""category"":""Utility""}"
"ll5gb9f","Rhyne's Gate Apartments","detail_expenses_utilities","utilities","Water/Sewer","","{""name"":""Water/Sewer"",""price"":""Included"",""category"":""Utility""}"
"ocp5ey2bmq","Furnished Studio/ADU | Olde Raleigh | Parking | Fast Wi-Fi","search_price_tooltip","","Base Rent","$1,875","{""label"":""Base Rent"",""value"":""$1,875""}"
"ocp5ey2bmq","Furnished Studio/ADU | Olde Raleigh | Parking | Fast Wi-Fi","search_price_tooltip","","Required Monthly Fees","None","{""label"":""Required Monthly Fees"",""value"":""None""}"
"ocpjeweyz6","All Girls Unit - Room with Private Bathroom at  University Woods at Centennial Condominiums","search_price_tooltip","","Base Rent","$645","{""label"":""Base Rent"",""value"":""$645""}"
"ocpjeweyz6","All Girls Unit - Room with Private Bathroom at  University Woods at Centennial Condominiums","search_price_tooltip","","Required Monthly Fees","None","{""label"":""Required Monthly Fees"",""value"":""None""}"
"ocpjeweyz6","All Girls Unit - Room with Private Bathroom at  University Woods at Centennial Condominiums","detail_expenses_utilities","utilities","Recycling","","{""name"":""Recycling"",""price"":""Included"",""category"":""Utility""}"
"ocpjeweyz6","All Girls Unit - Room with Private Bathroom at  University Woods at Centennial Condominiums","detail_expenses_utilities","utilities","Trash Removal","","{""name"":""Trash Removal"",""price"":""Included"",""category"":""Utility""}"
"0smdl31","Paloma Raleigh","detail_expenses_utilities","utilities","Air Conditioning","","{""name"":""Air Conditioning"",""price"":""Included"",""category"":""Utility""}"
"0smdl31","Paloma Raleigh","detail_expenses_utilities","utilities","Cable","","{""name"":""Cable"",""price"":""Included"",""category"":""Utility""}"
"0smdl31","Paloma Raleigh","detail_expenses_utilities","utilities","Gas","","{""name"":""Gas"",""price"":""Included"",""category"":""Utility""}"
"0smdl31","Paloma Raleigh","detail_expenses_utilities","utilities","Heat","","{""name"":""Heat"",""price"":""Included"",""category"":""Utility""}"
"0smdl31","Paloma Raleigh","detail_expenses_utilities","utilities","High-Speed Internet","","{""name"":""High-Speed Internet"",""price"":""Included"",""category"":""Utility""}"
"0smdl31","Paloma Raleigh","detail_expenses_utilities","utilities","Trash Removal","","{""name"":""Trash Removal"",""price"":""Included"",""category"":""Utility""}"
"0smdl31","Paloma Raleigh","detail_expenses_utilities","utilities","Water/Sewer","","{""name"":""Water/Sewer"",""price"":""Included"",""category"":""Utility""}"
"ocppjxdd3r","Collegeview Duplex--Brand New Luxury Housing within walking distance to NCSU","search_price_tooltip","","Base Rent","$900 - $950","{""label"":""Base Rent"",""value"":""$900 - $950""}"
"ocppjxdd3r","Collegeview Duplex--Brand New Luxury Housing within walking distance to NCSU","search_price_tooltip","","Required Monthly Fees","None","{""label"":""Required Monthly Fees"",""value"":""None""}"
"ocppjxdd3r","Collegeview Duplex--Brand New Luxury Housing within walking distance to NCSU","detail_expenses_utilities","utilities","Recycling","","{""name"":""Recycling"",""price"":""Included"",""category"":""Utility""}"
"ocppjxdd3r","Collegeview Duplex--Brand New Luxury Housing within walking distance to NCSU","detail_expenses_utilities","utilities","Trash Removal","","{""name"":""Trash Removal"",""price"":""Included"",""category"":""Utility""}"
"hgdd8s0","Lantower Bullhouse","search_price_tooltip","","Base Rent","$1,377 - $4,346","{""label"":""Base Rent"",""value"":""$1,377 - $4,346""}"
"hgdd8s0","Lantower Bullhouse","search_price_tooltip","","Required Monthly Fees","None","{""label"":""Required Monthly Fees"",""value"":""None""}"
"ocpe1n95cm","Big Promotion w/best price ever. Move in Immediately . MarcomTowns. Great location nice","search_price_tooltip","","Base Rent","$950","{""label"":""Base Rent"",""value"":""$950""}"
"ocpe1n95cm","Big Promotion w/best price ever. Move in Immediately . MarcomTowns. Great location nice","search_price_tooltip","","Required Monthly Fees","None","{""label"":""Required Monthly Fees"",""value"":""None""}"
"ocpe1n95cm","Big Promotion w/best price ever. Move in Immediately . MarcomTowns. Great location nice","detail_expenses_utilities","utilities","Recycling","","{""name"":""Recycling"",""price"":""Included"",""category"":""Utility""}"
"ocpe1n95cm","Big Promotion w/best price ever. Move in Immediately . MarcomTowns. Great location nice","detail_expenses_utilities","utilities","Trash Removal","","{""name"":""Trash Removal"",""price"":""Included"",""category"":""Utility""}"
"p8mlexs","Valentine Commons","detail_expenses_utilities","utilities","Air Conditioning","","{""name"":""Air Conditioning"",""price"":""Included"",""category"":""Utility""}"
"p8mlexs","Valentine Commons","detail_expenses_utilities","utilities","Cable","","{""name"":""Cable"",""price"":""Included"",""category"":""Utility""}"
"p8mlexs","Valentine Commons","detail_expenses_utilities","utilities","Electricity","","{""name"":""Electricity"",""price"":""Included"",""category"":""Utility""}"
"p8mlexs","Valentine Commons","detail_expenses_utilities","utilities","Heat","","{""name"":""Heat"",""price"":""Included"",""category"":""Utility""}"
"p8mlexs","Valentine Commons","detail_expenses_utilities","utilities","High-Speed Internet","","{""name"":""High-Speed Internet"",""price"":""Included"",""category"":""Utility""}"
"p8mlexs","Valentine Commons","detail_expenses_utilities","utilities","Trash Removal","","{""name"":""Trash Removal"",""price"":""Included"",""category"":""Utility""}"
"p8mlexs","Valentine Commons","detail_expenses_utilities","utilities","Water/Sewer","","{""name"":""Water/Sewer"",""price"":""Included"",""category"":""Utility""}"
"ocp2evl6hb","University Oaks -","search_price_tooltip","","Base Rent","$725","{""label"":""Base Rent"",""value"":""$725""}"
"ocp2evl6hb","University Oaks -","search_price_tooltip","","Required Monthly Fees","None","{""label"":""Required Monthly Fees"",""value"":""None""}"
"ocp2evl6hb","University Oaks -","detail_expenses_utilities","utilities","Electricity","","{""name"":""Electricity"",""price"":""Included"",""category"":""Utility""}"
"ocp2evl6hb","University Oaks -","detail_expenses_utilities","utilities","Gas","","{""name"":""Gas"",""price"":""Included"",""category"":""Utility""}"
"ocp2evl6hb","University Oaks -","detail_expenses_utilities","utilities","Heat","","{""name"":""Heat"",""price"":""Included"",""category"":""Utility""}"
"ocp2evl6hb","University Oaks -","detail_expenses_utilities","utilities","High-Speed Internet","","{""name"":""High-Speed Internet"",""price"":""Included"",""category"":""Utility""}"
"ocp2evl6hb","University Oaks -","detail_expenses_utilities","utilities","Recycling","","{""name"":""Recycling"",""price"":""Included"",""category"":""Utility""}"
"ocp2evl6hb","University Oaks -","detail_expenses_utilities","utilities","Trash Removal","","{""name"":""Trash Removal"",""price"":""Included"",""category"":""Utility""}"
"ocp2evl6hb","University Oaks -","detail_expenses_utilities","utilities","Water/Sewer","","{""name"":""Water/Sewer"",""price"":""Included"",""category"":""Utility""}"
"fgrbwjv","Stanhope","detail_expenses_utilities","utilities","Cable","","{""name"":""Cable"",""price"":""Included"",""category"":""Utility""}"
"fgrbwjv","Stanhope","detail_expenses_utilities","utilities","High-Speed Internet","","{""name"":""High-Speed Internet"",""price"":""Included"",""category"":""Utility""}"
"fgrbwjv","Stanhope","detail_expenses_utilities","utilities","Trash Removal","","{""name"":""Trash Removal"",""price"":""Included"",""category"":""Utility""}"
"fgrbwjv","Stanhope","detail_expenses_utilities","utilities","Water/Sewer","","{""name"":""Water/Sewer"",""price"":""Included"",""category"":""Utility""}"
"ocpvlydr3e","Reavis ---Brand New Luxury Housing within walking distance to NCSU","search_price_tooltip","","Base Rent","$925 - $975","{""label"":""Base Rent"",""value"":""$925 - $975""}"
"ocpvlydr3e","Reavis ---Brand New Luxury Housing within walking distance to NCSU","search_price_tooltip","","Required Monthly Fees","None","{""label"":""Required Monthly Fees"",""value"":""None""}"
"ocpvlydr3e","Reavis ---Brand New Luxury Housing within walking distance to NCSU","detail_expenses_utilities","utilities","Recycling","","{""name"":""Recycling"",""price"":""Included"",""category"":""Utility""}"
"ocpvlydr3e","Reavis ---Brand New Luxury Housing within walking distance to NCSU","detail_expenses_utilities","utilities","Trash Removal","","{""name"":""Trash Removal"",""price"":""Included"",""category"":""Utility""}"
"ocpxdxd79p","4BR/4BA Condo| On Wolfline | Preleasing 27-28 Special $850 Util/Parking Incld | Mile to Campus","search_price_tooltip","","Base Rent","$875","{""label"":""Base Rent"",""value"":""$875""}"
"ocpxdxd79p","4BR/4BA Condo| On Wolfline | Preleasing 27-28 Special $850 Util/Parking Incld | Mile to Campus","search_price_tooltip","","Required Monthly Fees","None","{""label"":""Required Monthly Fees"",""value"":""None""}"
"ocpxdxd79p","4BR/4BA Condo| On Wolfline | Preleasing 27-28 Special $850 Util/Parking Incld | Mile to Campus","detail_expenses_utilities","utilities","Electricity","","{""name"":""Electricity"",""price"":""Included"",""category"":""Utility""}"
"ocpxdxd79p","4BR/4BA Condo| On Wolfline | Preleasing 27-28 Special $850 Util/Parking Incld | Mile to Campus","detail_expenses_utilities","utilities","Heat","","{""name"":""Heat"",""price"":""Included"",""category"":""Utility""}"
"ocpxdxd79p","4BR/4BA Condo| On Wolfline | Preleasing 27-28 Special $850 Util/Parking Incld | Mile to Campus","detail_expenses_utilities","utilities","High-Speed Internet","","{""name"":""High-Speed Internet"",""price"":""Included"",""category"":""Utility""}"
"ocpxdxd79p","4BR/4BA Condo| On Wolfline | Preleasing 27-28 Special $850 Util/Parking Incld | Mile to Campus","detail_expenses_utilities","utilities","Trash Removal","","{""name"":""Trash Removal"",""price"":""Included"",""category"":""Utility""}"
"ocpxdxd79p","4BR/4BA Condo| On Wolfline | Preleasing 27-28 Special $850 Util/Parking Incld | Mile to Campus","detail_expenses_utilities","utilities","Water/Sewer","","{""name"":""Water/Sewer"",""price"":""Included"",""category"":""Utility""}"
"ocpm68s5sh","Burt Drive Townhouses---Brand New Luxury Housing within walking distance to NCSU","search_price_tooltip","","Base Rent","$1,050","{""label"":""Base Rent"",""value"":""$1,050""}"
"ocpm68s5sh","Burt Drive Townhouses---Brand New Luxury Housing within walking distance to NCSU","search_price_tooltip","","Required Monthly Fees","None","{""label"":""Required Monthly Fees"",""value"":""None""}"
"ocpm68s5sh","Burt Drive Townhouses---Brand New Luxury Housing within walking distance to NCSU","detail_expenses_utilities","utilities","Recycling","","{""name"":""Recycling"",""price"":""Included"",""category"":""Utility""}"
"ocpm68s5sh","Burt Drive Townhouses---Brand New Luxury Housing within walking distance to NCSU","detail_expenses_utilities","utilities","Trash Removal","","{""name"":""Trash Removal"",""price"":""Included"",""category"":""Utility""}"
"v534e5d","Kensington Park","detail_expenses_utilities","utilities","Trash Removal","","{""name"":""Trash Removal"",""price"":""Included"",""category"":""Utility""}"
"z8cfdjw","Campus Crossings Raleigh","detail_expenses_utilities","utilities","Air Conditioning","","{""name"":""Air Conditioning"",""price"":""Included"",""category"":""Utility""}"
"z8cfdjw","Campus Crossings Raleigh","detail_expenses_utilities","utilities","Electricity","","{""name"":""Electricity"",""price"":""Included"",""category"":""Utility""}"
"z8cfdjw","Campus Crossings Raleigh","detail_expenses_utilities","utilities","Heat","","{""name"":""Heat"",""price"":""Included"",""category"":""Utility""}"
"z8cfdjw","Campus Crossings Raleigh","detail_expenses_utilities","utilities","High-Speed Internet","","{""name"":""High-Speed Internet"",""price"":""Included"",""category"":""Utility""}"
"z8cfdjw","Campus Crossings Raleigh","detail_expenses_utilities","utilities","Trash Removal","","{""name"":""Trash Removal"",""price"":""Included"",""category"":""Utility""}"
"z8cfdjw","Campus Crossings Raleigh","detail_expenses_utilities","utilities","Water/Sewer","","{""name"":""Water/Sewer"",""price"":""Included"",""category"":""Utility""}"
"tv2h1cb","Gorman Crossings","detail_expenses_utilities","utilities","Trash Removal","","{""name"":""Trash Removal"",""price"":""Included"",""category"":""Utility""}"
"5x5ph7m","Redpoint Raleigh","detail_expenses_utilities","utilities","Air Conditioning","","{""name"":""Air Conditioning"",""price"":""Included"",""category"":""Utility""}"
"5x5ph7m","Redpoint Raleigh","detail_expenses_utilities","utilities","Gas","","{""name"":""Gas"",""price"":""Included"",""category"":""Utility""}"
"5x5ph7m","Redpoint Raleigh","detail_expenses_utilities","utilities","Heat","","{""name"":""Heat"",""price"":""Included"",""category"":""Utility""}"
"5x5ph7m","Redpoint Raleigh","detail_expenses_utilities","utilities","High-Speed Internet","","{""name"":""High-Speed Internet"",""price"":""Included"",""category"":""Utility""}"
"5x5ph7m","Redpoint Raleigh","detail_expenses_utilities","utilities","Trash Removal","","{""name"":""Trash Removal"",""price"":""Included"",""category"":""Utility""}"
"5x5ph7m","Redpoint Raleigh","detail_expenses_utilities","utilities","Water/Sewer","","{""name"":""Water/Sewer"",""price"":""Included"",""category"":""Utility""}"
"dw0f7sh","Campus Edge","detail_expenses_utilities","utilities","Air Conditioning","","{""name"":""Air Conditioning"",""price"":""Included"",""category"":""Utility""}"
"dw0f7sh","Campus Edge","detail_expenses_utilities","utilities","Electricity","","{""name"":""Electricity"",""price"":""Included"",""category"":""Utility""}"
"dw0f7sh","Campus Edge","detail_expenses_utilities","utilities","Gas","","{""name"":""Gas"",""price"":""Included"",""category"":""Utility""}"
"dw0f7sh","Campus Edge","detail_expenses_utilities","utilities","Heat","","{""name"":""Heat"",""price"":""Included"",""category"":""Utility""}"
"dw0f7sh","Campus Edge","detail_expenses_utilities","utilities","Trash Removal","","{""name"":""Trash Removal"",""price"":""Included"",""category"":""Utility""}"
"dw0f7sh","Campus Edge","detail_expenses_utilities","utilities","Water/Sewer","","{""name"":""Water/Sewer"",""price"":""Included"",""category"":""Utility""}"
"ocp85fz0j3","Brand-New 4BR Townhomes - Eight at State","detail_expenses_utilities","utilities","Electricity","","{""name"":""Electricity"",""price"":""Included"",""category"":""Utility""}"
"ocp85fz0j3","Brand-New 4BR Townhomes - Eight at State","detail_expenses_utilities","utilities","Heat","","{""name"":""Heat"",""price"":""Included"",""category"":""Utility""}"
"ocp85fz0j3","Brand-New 4BR Townhomes - Eight at State","detail_expenses_utilities","utilities","High-Speed Internet","","{""name"":""High-Speed Internet"",""price"":""Included"",""category"":""Utility""}"
"ocp85fz0j3","Brand-New 4BR Townhomes - Eight at State","detail_expenses_utilities","utilities","Recycling","","{""name"":""Recycling"",""price"":""Included"",""category"":""Utility""}"
"ocp85fz0j3","Brand-New 4BR Townhomes - Eight at State","detail_expenses_utilities","utilities","Trash Removal","","{""name"":""Trash Removal"",""price"":""Included"",""category"":""Utility""}"
"ocp85fz0j3","Brand-New 4BR Townhomes - Eight at State","detail_expenses_utilities","utilities","Water/Sewer","","{""name"":""Water/Sewer"",""price"":""Included"",""category"":""Utility""}"
"zfcjzqy","Yugo Raleigh Logan","detail_expenses_utilities","utilities","Air Conditioning","","{""name"":""Air Conditioning"",""price"":""Included"",""category"":""Utility""}"
"zfcjzqy","Yugo Raleigh Logan","detail_expenses_utilities","utilities","Electricity","","{""name"":""Electricity"",""price"":""Included"",""category"":""Utility""}"
"zfcjzqy","Yugo Raleigh Logan","detail_expenses_utilities","utilities","Heat","","{""name"":""Heat"",""price"":""Included"",""category"":""Utility""}"
"zfcjzqy","Yugo Raleigh Logan","detail_expenses_utilities","utilities","Trash Removal","","{""name"":""Trash Removal"",""price"":""Included"",""category"":""Utility""}"
"zfcjzqy","Yugo Raleigh Logan","detail_expenses_utilities","utilities","Water/Sewer","","{""name"":""Water/Sewer"",""price"":""Included"",""category"":""Utility""}"
"9rxe6j6","The Dakota","detail_expenses_one_time","one_time","Security Deposit","","{""name"":""Security Deposit"",""price"":""$150"",""category"":""Admin""}"
"xr4rsmq","Pine Knoll Apartments","detail_expenses_utilities","utilities","High-Speed Internet","","{""name"":""High-Speed Internet"",""price"":""Included"",""category"":""Utility""}"
"xr4rsmq","Pine Knoll Apartments","detail_expenses_utilities","utilities","Trash Removal","","{""name"":""Trash Removal"",""price"":""Included"",""category"":""Utility""}"
"xr4rsmq","Pine Knoll Apartments","detail_expenses_utilities","utilities","Water/Sewer","","{""name"":""Water/Sewer"",""price"":""Included"",""category"":""Utility""}"
"6mnn0qr","Live on Hillsborough","detail_expenses_utilities","utilities","Air Conditioning","","{""name"":""Air Conditioning"",""price"":""Included"",""category"":""Utility""}"
"6mnn0qr","Live on Hillsborough","detail_expenses_utilities","utilities","Cable","","{""name"":""Cable"",""price"":""Included"",""category"":""Utility""}"
"6mnn0qr","Live on Hillsborough","detail_expenses_utilities","utilities","Electricity","","{""name"":""Electricity"",""price"":""Included"",""category"":""Utility""}"
"6mnn0qr","Live on Hillsborough","detail_expenses_utilities","utilities","Gas","","{""name"":""Gas"",""price"":""Included"",""category"":""Utility""}"
"6mnn0qr","Live on Hillsborough","detail_expenses_utilities","utilities","Heat","","{""name"":""Heat"",""price"":""Included"",""category"":""Utility""}"
"6mnn0qr","Live on Hillsborough","detail_expenses_utilities","utilities","High-Speed Internet","","{""name"":""High-Speed Internet"",""price"":""Included"",""category"":""Utility""}"
"6mnn0qr","Live on Hillsborough","detail_expenses_utilities","utilities","Water/Sewer","","{""name"":""Water/Sewer"",""price"":""Included"",""category"":""Utility""}"
"jjs8f07","Village Green Student Housing","detail_expenses_utilities","utilities","Air Conditioning","","{""name"":""Air Conditioning"",""price"":""Included"",""category"":""Utility""}"
"jjs8f07","Village Green Student Housing","detail_expenses_utilities","utilities","Electricity","","{""name"":""Electricity"",""price"":""Included"",""category"":""Utility""}"
"jjs8f07","Village Green Student Housing","detail_expenses_utilities","utilities","Gas","","{""name"":""Gas"",""price"":""Included"",""category"":""Utility""}"
"jjs8f07","Village Green Student Housing","detail_expenses_utilities","utilities","Heat","","{""name"":""Heat"",""price"":""Included"",""category"":""Utility""}"
"jjs8f07","Village Green Student Housing","detail_expenses_utilities","utilities","High-Speed Internet","","{""name"":""High-Speed Internet"",""price"":""Included"",""category"":""Utility""}"
"jjs8f07","Village Green Student Housing","detail_expenses_utilities","utilities","Trash Removal","","{""name"":""Trash Removal"",""price"":""Included"",""category"":""Utility""}"
"jjs8f07","Village Green Student Housing","detail_expenses_utilities","utilities","Water/Sewer","","{""name"":""Water/Sewer"",""price"":""Included"",""category"":""Utility""}"
"8gchf40","The Hillsborough","detail_expenses_one_time","one_time","Security Deposit","","{""name"":""Security Deposit"",""price"":""$2,575 - $1,300"",""category"":""Admin""}"
"ocpbhbkvy9","Voyager House","search_price_tooltip","","Base Rent","$800","{""label"":""Base Rent"",""value"":""$800""}"
"ocpbhbkvy9","Voyager House","search_price_tooltip","","Required Monthly Fees","None","{""label"":""Required Monthly Fees"",""value"":""None""}"
"ocpbhbkvy9","Voyager House","detail_expenses_utilities","utilities","Electricity","","{""name"":""Electricity"",""price"":""Included"",""category"":""Utility""}"
"ocpbhbkvy9","Voyager House","detail_expenses_utilities","utilities","Gas","","{""name"":""Gas"",""price"":""Included"",""category"":""Utility""}"
"ocpbhbkvy9","Voyager House","detail_expenses_utilities","utilities","Heat","","{""name"":""Heat"",""price"":""Included"",""category"":""Utility""}"
"ocpbhbkvy9","Voyager House","detail_expenses_utilities","utilities","High-Speed Internet","","{""name"":""High-Speed Internet"",""price"":""Included"",""category"":""Utility""}"
"ocpbhbkvy9","Voyager House","detail_expenses_utilities","utilities","Recycling","","{""name"":""Recycling"",""price"":""Included"",""category"":""Utility""}"
"ocpbhbkvy9","Voyager House","detail_expenses_utilities","utilities","Trash Removal","","{""name"":""Trash Removal"",""price"":""Included"",""category"":""Utility""}"
"ocpbhbkvy9","Voyager House","detail_expenses_utilities","utilities","Water/Sewer","","{""name"":""Water/Sewer"",""price"":""Included"",""category"":""Utility""}"
"e13mz5m","University Suites Student Housing","detail_expenses_utilities","utilities","Electricity","","{""name"":""Electricity"",""price"":""Included"",""category"":""Utility""}"
"e13mz5m","University Suites Student Housing","detail_expenses_utilities","utilities","High-Speed Internet","","{""name"":""High-Speed Internet"",""price"":""Included"",""category"":""Utility""}"
"e13mz5m","University Suites Student Housing","detail_expenses_utilities","utilities","Trash Removal","","{""name"":""Trash Removal"",""price"":""Included"",""category"":""Utility""}"
"e13mz5m","University Suites Student Housing","detail_expenses_utilities","utilities","Water/Sewer","","{""name"":""Water/Sewer"",""price"":""Included"",""category"":""Utility""}"
"ocpepvxvln","Village Green Student Living","search_price_tooltip","","Base Rent","$831","{""label"":""Base Rent"",""value"":""$831""}"
"ocpepvxvln","Village Green Student Living","search_price_tooltip","","Required Monthly Fees","None","{""label"":""Required Monthly Fees"",""value"":""None""}"
"ocpjpg1817","Gorman Street Village PRE-LEASING for 2026! 3Bed 3Bath w/ Utilities! Upgraded Units Available!","search_price_tooltip","","Base Rent","$2,295","{""label"":""Base Rent"",""value"":""$2,295""}"
"ocpjpg1817","Gorman Street Village PRE-LEASING for 2026! 3Bed 3Bath w/ Utilities! Upgraded Units Available!","search_price_tooltip","","Required Monthly Fees","$115","{""label"":""Required Monthly Fees"",""value"":""$115""}"
"ocpjpg1817","Gorman Street Village PRE-LEASING for 2026! 3Bed 3Bath w/ Utilities! Upgraded Units Available!","search_price_tooltip","","Utilities and Essentials","Varies","{""label"":""Utilities and Essentials"",""value"":""Varies""}"
"ocpjpg1817","Gorman Street Village PRE-LEASING for 2026! 3Bed 3Bath w/ Utilities! Upgraded Units Available!","detail_expenses_one_time","one_time","Security Deposit","","{""name"":""Security Deposit"",""price"":""$0 - $800"",""category"":""Admin""}"
"ocpjpg1817","Gorman Street Village PRE-LEASING for 2026! 3Bed 3Bath w/ Utilities! Upgraded Units Available!","detail_expenses_utilities","utilities","Electricity","","{""name"":""Electricity"",""price"":""Included"",""category"":""Utility""}"
"ocpjpg1817","Gorman Street Village PRE-LEASING for 2026! 3Bed 3Bath w/ Utilities! Upgraded Units Available!","detail_expenses_utilities","utilities","Water/Sewer","","{""name"":""Water/Sewer"",""price"":""Included"",""category"":""Utility""}"
"ocpgxr290w","Spacious Forest Park Two-Room Suite + Private Bath - Walk to Campus (Includes Utilities)","search_price_tooltip","","Base Rent","$1,225","{""label"":""Base Rent"",""value"":""$1,225""}"
"ocpgxr290w","Spacious Forest Park Two-Room Suite + Private Bath - Walk to Campus (Includes Utilities)","search_price_tooltip","","Required Monthly Fees","None","{""label"":""Required Monthly Fees"",""value"":""None""}"
"ocpb48f058","Now Pre-Leasing for August 2026! 1 and 3 Bedrooms with Utilities! Marcom St Apartments!","search_price_tooltip","","Base Rent","$1,545 - $2,045","{""label"":""Base Rent"",""value"":""$1,545 - $2,045""}"
"ocpb48f058","Now Pre-Leasing for August 2026! 1 and 3 Bedrooms with Utilities! Marcom St Apartments!","search_price_tooltip","","Required Monthly Fees","$75 - $115","{""label"":""Required Monthly Fees"",""value"":""$75 - $115""}"
"ocpb48f058","Now Pre-Leasing for August 2026! 1 and 3 Bedrooms with Utilities! Marcom St Apartments!","search_price_tooltip","","Utilities and Essentials","Varies","{""label"":""Utilities and Essentials"",""value"":""Varies""}"
"ocpb48f058","Now Pre-Leasing for August 2026! 1 and 3 Bedrooms with Utilities! Marcom St Apartments!","detail_expenses_one_time","one_time","Security Deposit","","{""name"":""Security Deposit"",""price"":""Varies By Floorplan"",""category"":""Admin"",""class"":""italics""}"
"ocpb48f058","Now Pre-Leasing for August 2026! 1 and 3 Bedrooms with Utilities! Marcom St Apartments!","detail_expenses_utilities","utilities","Cable","","{""name"":""Cable"",""price"":""Included"",""category"":""Utility""}"
"ocpb48f058","Now Pre-Leasing for August 2026! 1 and 3 Bedrooms with Utilities! Marcom St Apartments!","detail_expenses_utilities","utilities","Electricity","","{""name"":""Electricity"",""price"":""Included"",""category"":""Utility""}"
"ocpb48f058","Now Pre-Leasing for August 2026! 1 and 3 Bedrooms with Utilities! Marcom St Apartments!","detail_expenses_utilities","utilities","Heat","","{""name"":""Heat"",""price"":""Included"",""category"":""Utility""}"
"ocpb48f058","Now Pre-Leasing for August 2026! 1 and 3 Bedrooms with Utilities! Marcom St Apartments!","detail_expenses_utilities","utilities","High-Speed Internet","","{""name"":""High-Speed Internet"",""price"":""Included"",""category"":""Utility""}"
"ocpb48f058","Now Pre-Leasing for August 2026! 1 and 3 Bedrooms with Utilities! Marcom St Apartments!","detail_expenses_utilities","utilities","Recycling","","{""name"":""Recycling"",""price"":""Included"",""category"":""Utility""}"
"ocpb48f058","Now Pre-Leasing for August 2026! 1 and 3 Bedrooms with Utilities! Marcom St Apartments!","detail_expenses_utilities","utilities","Water/Sewer","","{""name"":""Water/Sewer"",""price"":""Included"",""category"":""Utility""}"
"ocpsd8dpj6","Spacious En-suite with private patio and garage parking in Crescent Ridge Townhome Community","search_price_tooltip","","Base Rent","$900","{""label"":""Base Rent"",""value"":""$900""}"
"ocpsd8dpj6","Spacious En-suite with private patio and garage parking in Crescent Ridge Townhome Community","search_price_tooltip","","Required Monthly Fees","None","{""label"":""Required Monthly Fees"",""value"":""None""}"
"ocpsd8dpj6","Spacious En-suite with private patio and garage parking in Crescent Ridge Townhome Community","detail_expenses_utilities","utilities","Electricity","","{""name"":""Electricity"",""price"":""Included"",""category"":""Utility""}"
"ocpsd8dpj6","Spacious En-suite with private patio and garage parking in Crescent Ridge Townhome Community","detail_expenses_utilities","utilities","Gas","","{""name"":""Gas"",""price"":""Included"",""category"":""Utility""}"
"ocpsd8dpj6","Spacious En-suite with private patio and garage parking in Crescent Ridge Townhome Community","detail_expenses_utilities","utilities","Heat","","{""name"":""Heat"",""price"":""Included"",""category"":""Utility""}"
"ocpsd8dpj6","Spacious En-suite with private patio and garage parking in Crescent Ridge Townhome Community","detail_expenses_utilities","utilities","High-Speed Internet","","{""name"":""High-Speed Internet"",""price"":""Included"",""category"":""Utility""}"
"ocpsd8dpj6","Spacious En-suite with private patio and garage parking in Crescent Ridge Townhome Community","detail_expenses_utilities","utilities","Recycling","","{""name"":""Recycling"",""price"":""Included"",""category"":""Utility""}"
"ocpsd8dpj6","Spacious En-suite with private patio and garage parking in Crescent Ridge Townhome Community","detail_expenses_utilities","utilities","Trash Removal","","{""name"":""Trash Removal"",""price"":""Included"",""category"":""Utility""}"
"ocpsd8dpj6","Spacious En-suite with private patio and garage parking in Crescent Ridge Townhome Community","detail_expenses_utilities","utilities","Water/Sewer","","{""name"":""Water/Sewer"",""price"":""Included"",""category"":""Utility""}"
"xcp87fm","Tryon Flats Apartments","search_price_tooltip","","Base Rent","$750","{""label"":""Base Rent"",""value"":""$750""}"
"xcp87fm","Tryon Flats Apartments","search_price_tooltip","","Required Monthly Fees","None","{""label"":""Required Monthly Fees"",""value"":""None""}"
"xcp87fm","Tryon Flats Apartments","detail_expenses_one_time","one_time","Security Deposit","","{""name"":""Security Deposit"",""price"":""$875"",""category"":""Admin""}"
"ocpsq86tm4","4bed 4bath Apartment Near Centennial Campus","search_price_tooltip","","Base Rent","$725","{""label"":""Base Rent"",""value"":""$725""}"
"ocpsq86tm4","4bed 4bath Apartment Near Centennial Campus","search_price_tooltip","","Required Monthly Fees","None","{""label"":""Required Monthly Fees"",""value"":""None""}"
"35cz5ed","644 Coleman St (Raleigh, NC)","detail_expenses_one_time","one_time","Security Deposit","","{""name"":""Security Deposit"",""price"":""$2,150"",""category"":""Admin""}"
"ocp2gxtxqc","The Station","search_price_tooltip","","Base Rent","$969","{""label"":""Base Rent"",""value"":""$969""}"
"ocp2gxtxqc","The Station","search_price_tooltip","","Required Monthly Fees","None","{""label"":""Required Monthly Fees"",""value"":""None""}"
"ocppbmmgnt","5 bedroom townhome available near NC State","search_price_tooltip","","Base Rent","$650","{""label"":""Base Rent"",""value"":""$650""}"
"ocppbmmgnt","5 bedroom townhome available near NC State","search_price_tooltip","","Required Monthly Fees","None","{""label"":""Required Monthly Fees"",""value"":""None""}"
"ocppbmmgnt","5 bedroom townhome available near NC State","detail_expenses_utilities","utilities","Recycling","","{""name"":""Recycling"",""price"":""Included"",""category"":""Utility""}"
"ocppbmmgnt","5 bedroom townhome available near NC State","detail_expenses_utilities","utilities","Trash Removal","","{""name"":""Trash Removal"",""price"":""Included"",""category"":""Utility""}"
"ocp176ghy4","Campus Crossings Raleigh","search_price_tooltip","","Base Rent","$865","{""label"":""Base Rent"",""value"":""$865""}"
"ocp176ghy4","Campus Crossings Raleigh","search_price_tooltip","","Required Monthly Fees","None","{""label"":""Required Monthly Fees"",""value"":""None""}"
"qcvpeqz","1431 Collegiate Cir (Raleigh, NC)","detail_expenses_one_time","one_time","Security Deposit","","{""name"":""Security Deposit"",""price"":""$950"",""category"":""Admin""}"
"qcvpeqz","1431 Collegiate Cir (Raleigh, NC)","detail_expenses_utilities","utilities","Electricity","","{""name"":""Electricity"",""price"":""Included"",""category"":""Utility""}"
"qcvpeqz","1431 Collegiate Cir (Raleigh, NC)","detail_expenses_utilities","utilities","Water/Sewer","","{""name"":""Water/Sewer"",""price"":""Included"",""category"":""Utility""}"
"ocpqe84m5z","University Commons, close to Wolfline Stops","search_price_tooltip","","Base Rent","$2,500","{""label"":""Base Rent"",""value"":""$2,500""}"
"ocpqe84m5z","University Commons, close to Wolfline Stops","search_price_tooltip","","Required Monthly Fees","None","{""label"":""Required Monthly Fees"",""value"":""None""}"
"ocpqe84m5z","University Commons, close to Wolfline Stops","detail_expenses_utilities","utilities","Electricity","","{""name"":""Electricity"",""price"":""Included"",""category"":""Utility""}"
"ocpqe84m5z","University Commons, close to Wolfline Stops","detail_expenses_utilities","utilities","Heat","","{""name"":""Heat"",""price"":""Included"",""category"":""Utility""}"
"ocpqe84m5z","University Commons, close to Wolfline Stops","detail_expenses_utilities","utilities","Recycling","","{""name"":""Recycling"",""price"":""Included"",""category"":""Utility""}"
"ocpqe84m5z","University Commons, close to Wolfline Stops","detail_expenses_utilities","utilities","Trash Removal","","{""name"":""Trash Removal"",""price"":""Included"",""category"":""Utility""}"
"ocpqe84m5z","University Commons, close to Wolfline Stops","detail_expenses_utilities","utilities","Water/Sewer","","{""name"":""Water/Sewer"",""price"":""Included"",""category"":""Utility""}"
"ocpx51p4tm","Condo near NCSU","search_price_tooltip","","Base Rent","$800","{""label"":""Base Rent"",""value"":""$800""}"
"ocpx51p4tm","Condo near NCSU","search_price_tooltip","","Required Monthly Fees","None","{""label"":""Required Monthly Fees"",""value"":""None""}"
"ocphdtdgk2","105 Friendly Drive! Furnished Room Rentals with Utilities!","search_price_tooltip","","Base Rent","$775 - $1,050","{""label"":""Base Rent"",""value"":""$775 - $1,050""}"
"ocphdtdgk2","105 Friendly Drive! Furnished Room Rentals with Utilities!","search_price_tooltip","","Required Monthly Fees","$10","{""label"":""Required Monthly Fees"",""value"":""$10""}"
"ocphdtdgk2","105 Friendly Drive! Furnished Room Rentals with Utilities!","detail_expenses_one_time","one_time","Security Deposit","","{""name"":""Security Deposit"",""price"":""Varies By Floorplan"",""category"":""Admin"",""class"":""italics""}"
"ocphdtdgk2","105 Friendly Drive! Furnished Room Rentals with Utilities!","detail_expenses_utilities","utilities","Cable","","{""name"":""Cable"",""price"":""Included"",""category"":""Utility""}"
"ocphdtdgk2","105 Friendly Drive! Furnished Room Rentals with Utilities!","detail_expenses_utilities","utilities","Electricity","","{""name"":""Electricity"",""price"":""Included"",""category"":""Utility""}"
"ocphdtdgk2","105 Friendly Drive! Furnished Room Rentals with Utilities!","detail_expenses_utilities","utilities","Heat","","{""name"":""Heat"",""price"":""Included"",""category"":""Utility""}"
"ocphdtdgk2","105 Friendly Drive! Furnished Room Rentals with Utilities!","detail_expenses_utilities","utilities","High-Speed Internet","","{""name"":""High-Speed Internet"",""price"":""Included"",""category"":""Utility""}"
"ocphdtdgk2","105 Friendly Drive! Furnished Room Rentals with Utilities!","detail_expenses_utilities","utilities","Trash Removal","","{""name"":""Trash Removal"",""price"":""Included"",""category"":""Utility""}"
"ocphdtdgk2","105 Friendly Drive! Furnished Room Rentals with Utilities!","detail_expenses_utilities","utilities","Water/Sewer","","{""name"":""Water/Sewer"",""price"":""Included"",""category"":""Utility""}"
"51px18q","1101 Gunnison Pl (Raleigh, NC)","detail_expenses_one_time","one_time","Security Deposit","","{""name"":""Security Deposit"",""price"":""$3,200"",""category"":""Admin""}"
"51px18q","1101 Gunnison Pl (Raleigh, NC)","detail_expenses_utilities","utilities","Trash Removal","","{""name"":""Trash Removal"",""price"":""Included"",""category"":""Utility""}"
"ocpjxe9lb5","Private House room listing","search_price_tooltip","","Base Rent","$1,000","{""label"":""Base Rent"",""value"":""$1,000""}"
"ocpjxe9lb5","Private House room listing","search_price_tooltip","","Required Monthly Fees","None","{""label"":""Required Monthly Fees"",""value"":""None""}"
"6lbm6br","2810 Crestscene Trail (Raleigh, NC)","detail_expenses_one_time","one_time","Security Deposit","","{""name"":""Security Deposit"",""price"":""$2,500"",""category"":""Admin""}"
"ocp4lh373j","Hub Raleigh – 4x2 Lease Takeover, Available Now","search_price_tooltip","","Base Rent","$1,199","{""label"":""Base Rent"",""value"":""$1,199""}"
"ocp4lh373j","Hub Raleigh – 4x2 Lease Takeover, Available Now","search_price_tooltip","","Required Monthly Fees","None","{""label"":""Required Monthly Fees"",""value"":""None""}"
"dnbdmqk","2626 Wolf Cub Ct (Raleigh, NC)","detail_expenses_one_time","one_time","Security Deposit","","{""name"":""Security Deposit"",""price"":""$1,895"",""category"":""Admin""}"
"dnbdmqk","2626 Wolf Cub Ct (Raleigh, NC)","detail_expenses_utilities","utilities","Trash Removal","","{""name"":""Trash Removal"",""price"":""Included"",""category"":""Utility""}"
"ocp5cx5drn","Valentine Commons","search_price_tooltip","","Base Rent","$1,000 - $1,300","{""label"":""Base Rent"",""value"":""$1,000 - $1,300""}"
"ocp5cx5drn","Valentine Commons","search_price_tooltip","","Required Monthly Fees","$90","{""label"":""Required Monthly Fees"",""value"":""$90""}"
"teq7kh8","1233 S Blount St (Raleigh, NC)","detail_expenses_one_time","one_time","Security Deposit","","{""name"":""Security Deposit"",""price"":""$1,500"",""category"":""Admin""}"
"teq7kh8","1233 S Blount St (Raleigh, NC)","detail_expenses_utilities","utilities","Electricity","","{""name"":""Electricity"",""price"":""Included"",""category"":""Utility""}"
"teq7kh8","1233 S Blount St (Raleigh, NC)","detail_expenses_utilities","utilities","Gas","","{""name"":""Gas"",""price"":""Included"",""category"":""Utility""}"
"teq7kh8","1233 S Blount St (Raleigh, NC)","detail_expenses_utilities","utilities","Trash Removal","","{""name"":""Trash Removal"",""price"":""Included"",""category"":""Utility""}"
"teq7kh8","1233 S Blount St (Raleigh, NC)","detail_expenses_utilities","utilities","Water/Sewer","","{""name"":""Water/Sewer"",""price"":""Included"",""category"":""Utility""}"
"ocpsgy1zk5","Family Neighborhood with Greenway Access","search_price_tooltip","","Base Rent","$3,000 - $3,500","{""label"":""Base Rent"",""value"":""$3,000 - $3,500""}"
"ocpsgy1zk5","Family Neighborhood with Greenway Access","search_price_tooltip","","Required Monthly Fees","$100 - $140","{""label"":""Required Monthly Fees"",""value"":""$100 - $140""}"
"ocpsgy1zk5","Family Neighborhood with Greenway Access","search_price_tooltip","","Utilities and Essentials","Varies","{""label"":""Utilities and Essentials"",""value"":""Varies""}"
"se736e5","College Inn","detail_expenses_utilities","utilities","Electricity","","{""name"":""Electricity"",""price"":""Included"",""category"":""Utility""}"
"se736e5","College Inn","detail_expenses_utilities","utilities","Gas","","{""name"":""Gas"",""price"":""Included"",""category"":""Utility""}"
"se736e5","College Inn","detail_expenses_utilities","utilities","Heat","","{""name"":""Heat"",""price"":""Included"",""category"":""Utility""}"
"se736e5","College Inn","detail_expenses_utilities","utilities","High-Speed Internet","","{""name"":""High-Speed Internet"",""price"":""Included"",""category"":""Utility""}"
"se736e5","College Inn","detail_expenses_utilities","utilities","Water/Sewer","","{""name"":""Water/Sewer"",""price"":""Included"",""category"":""Utility""}"
"ocp0gch9g2","Quiet Furnished Room in Cary – Private Bath, Storage, Driveway Access, Near Bus 3","search_price_tooltip","","Base Rent","$950","{""label"":""Base Rent"",""value"":""$950""}"
"ocp0gch9g2","Quiet Furnished Room in Cary – Private Bath, Storage, Driveway Access, Near Bus 3","search_price_tooltip","","Required Monthly Fees","None","{""label"":""Required Monthly Fees"",""value"":""None""}"
"ocp1ddchy6","Village Green","search_price_tooltip","","Base Rent","$930","{""label"":""Base Rent"",""value"":""$930""}"
"ocp1ddchy6","Village Green","search_price_tooltip","","Required Monthly Fees","None","{""label"":""Required Monthly Fees"",""value"":""None""}"
"ocpmf8tflk","St. Albans Lofts in North Hills","search_price_tooltip","","Base Rent","$1,330","{""label"":""Base Rent"",""value"":""$1,330""}"
"ocpmf8tflk","St. Albans Lofts in North Hills","search_price_tooltip","","Required Monthly Fees","$115","{""label"":""Required Monthly Fees"",""value"":""$115""}"
"ocpmf8tflk","St. Albans Lofts in North Hills","search_price_tooltip","","Utilities and Essentials","Varies","{""label"":""Utilities and Essentials"",""value"":""Varies""}"
"ocphycq162","Cozy house 10 min walk to campus","search_price_tooltip","","Base Rent","$1,500","{""label"":""Base Rent"",""value"":""$1,500""}"
"ocphycq162","Cozy house 10 min walk to campus","search_price_tooltip","","Required Monthly Fees","None","{""label"":""Required Monthly Fees"",""value"":""None""}"
"ocpszqbd35","Signature 1505 4X4 Apartment","search_price_tooltip","","Base Rent","$1,230","{""label"":""Base Rent"",""value"":""$1,230""}"
"ocpszqbd35","Signature 1505 4X4 Apartment","search_price_tooltip","","Required Monthly Fees","$25","{""label"":""Required Monthly Fees"",""value"":""$25""}"
"ocpsq5c5s4","Lupton Flats- 2 Bedroom 1 Bathroom Flat Available Now! Pre Leasing for August 2026!","detail_expenses_one_time","one_time","Security Deposit","","{""name"":""Security Deposit"",""price"":""$647"",""category"":""Admin""}"
"ocpbnn75s8","912 Chaney Rd. #100","search_price_tooltip","","Base Rent","$2,600","{""label"":""Base Rent"",""value"":""$2,600""}"
"ocpbnn75s8","912 Chaney Rd. #100","search_price_tooltip","","Required Monthly Fees","$50","{""label"":""Required Monthly Fees"",""value"":""$50""}"
"ocpbnn75s8","912 Chaney Rd. #100","search_price_tooltip","","Utilities and Essentials","Varies","{""label"":""Utilities and Essentials"",""value"":""Varies""}"
"ocp2bnnl9c","Townhome at Hampton Place, Morrisville, 20 to 25 minutes from NCSU.","search_price_tooltip","","Base Rent","$733","{""label"":""Base Rent"",""value"":""$733""}"
"ocp2bnnl9c","Townhome at Hampton Place, Morrisville, 20 to 25 minutes from NCSU.","search_price_tooltip","","Required Monthly Fees","$100 - $120","{""label"":""Required Monthly Fees"",""value"":""$100 - $120""}"
"gc0phpz","591 E Cabarrus St (Raleigh, NC)","detail_expenses_one_time","one_time","Security Deposit","","{""name"":""Security Deposit"",""price"":""$2,600"",""category"":""Admin""}"
"ocp0gblz91","Great value in beautiful SW Raleigh","search_price_tooltip","","Base Rent","$850","{""label"":""Base Rent"",""value"":""$850""}"
"ocp0gblz91","Great value in beautiful SW Raleigh","search_price_tooltip","","Required Monthly Fees","None","{""label"":""Required Monthly Fees"",""value"":""None""}"
"ocplp7c98d","Collegeview Apartments","detail_expenses_one_time","one_time","Security Deposit","","{""name"":""Security Deposit"",""price"":""Varies By Floorplan"",""category"":""Admin"",""class"":""italics""}"
"ocpteqgjg8","Huge modern studio suite- private entrance and beth- near NCSU","search_price_tooltip","","Base Rent","$1,150","{""label"":""Base Rent"",""value"":""$1,150""}"
"ocpteqgjg8","Huge modern studio suite- private entrance and beth- near NCSU","search_price_tooltip","","Required Monthly Fees","None","{""label"":""Required Monthly Fees"",""value"":""None""}"
"ocphe602k0","Apartment close to campus","search_price_tooltip","","Base Rent","$1,800","{""label"":""Base Rent"",""value"":""$1,800""}"
"ocphe602k0","Apartment close to campus","search_price_tooltip","","Required Monthly Fees","None","{""label"":""Required Monthly Fees"",""value"":""None""}"
"ocpvv9069d","912 Chaney Rd. #102","search_price_tooltip","","Base Rent","$2,600","{""label"":""Base Rent"",""value"":""$2,600""}"
"ocpvv9069d","912 Chaney Rd. #102","search_price_tooltip","","Required Monthly Fees","$50","{""label"":""Required Monthly Fees"",""value"":""$50""}"
"ocpvv9069d","912 Chaney Rd. #102","search_price_tooltip","","Utilities and Essentials","Varies","{""label"":""Utilities and Essentials"",""value"":""Varies""}"
"ocpn54lxfn","3 bedroom home close to campus and downtown Raleigh(Utilities included)","search_price_tooltip","","Base Rent","$2,000","{""label"":""Base Rent"",""value"":""$2,000""}"
"ocpn54lxfn","3 bedroom home close to campus and downtown Raleigh(Utilities included)","search_price_tooltip","","Required Monthly Fees","None","{""label"":""Required Monthly Fees"",""value"":""None""}"
"ocpg8zsjmz","Flex Stay | Lux Furnished | 3 Bed |  Pets OK | Utilities Incl. | International OK","search_price_tooltip","","Base Rent","$2,800","{""label"":""Base Rent"",""value"":""$2,800""}"
"ocpg8zsjmz","Flex Stay | Lux Furnished | 3 Bed |  Pets OK | Utilities Incl. | International OK","search_price_tooltip","","Required Monthly Fees","None","{""label"":""Required Monthly Fees"",""value"":""None""}"
"ocpg8zsjmz","Flex Stay | Lux Furnished | 3 Bed |  Pets OK | Utilities Incl. | International OK","detail_expenses_utilities","utilities","Electricity","","{""name"":""Electricity"",""price"":""Included"",""category"":""Utility""}"
"ocpg8zsjmz","Flex Stay | Lux Furnished | 3 Bed |  Pets OK | Utilities Incl. | International OK","detail_expenses_utilities","utilities","Heat","","{""name"":""Heat"",""price"":""Included"",""category"":""Utility""}"
"ocpg8zsjmz","Flex Stay | Lux Furnished | 3 Bed |  Pets OK | Utilities Incl. | International OK","detail_expenses_utilities","utilities","High-Speed Internet","","{""name"":""High-Speed Internet"",""price"":""Included"",""category"":""Utility""}"
"ocpg8zsjmz","Flex Stay | Lux Furnished | 3 Bed |  Pets OK | Utilities Incl. | International OK","detail_expenses_utilities","utilities","Recycling","","{""name"":""Recycling"",""price"":""Included"",""category"":""Utility""}"
"ocpg8zsjmz","Flex Stay | Lux Furnished | 3 Bed |  Pets OK | Utilities Incl. | International OK","detail_expenses_utilities","utilities","Trash Removal","","{""name"":""Trash Removal"",""price"":""Included"",""category"":""Utility""}"
"ocpg8zsjmz","Flex Stay | Lux Furnished | 3 Bed |  Pets OK | Utilities Incl. | International OK","detail_expenses_utilities","utilities","Water/Sewer","","{""name"":""Water/Sewer"",""price"":""Included"",""category"":""Utility""}"
"ocp4t7wmxk","University Oaks","search_price_tooltip","","Base Rent","$725","{""label"":""Base Rent"",""value"":""$725""}"
"ocp4t7wmxk","University Oaks","search_price_tooltip","","Required Monthly Fees","None","{""label"":""Required Monthly Fees"",""value"":""None""}"
"ocp9blcpd7","Studio, One and Two Bedrooms at Westgrove Towers","detail_expenses_one_time","one_time","Security Deposit","","{""name"":""Security Deposit"",""price"":""$200 - $400"",""category"":""Admin""}"
"ocp9blcpd7","Studio, One and Two Bedrooms at Westgrove Towers","detail_expenses_utilities","utilities","High-Speed Internet","","{""name"":""High-Speed Internet"",""price"":""Included"",""category"":""Utility""}"
"ocp9blcpd7","Studio, One and Two Bedrooms at Westgrove Towers","detail_expenses_utilities","utilities","Trash Removal","","{""name"":""Trash Removal"",""price"":""Included"",""category"":""Utility""}"
"ocp9blcpd7","Studio, One and Two Bedrooms at Westgrove Towers","detail_expenses_utilities","utilities","Water/Sewer","","{""name"":""Water/Sewer"",""price"":""Included"",""category"":""Utility""}"
"ocpq99qjpx","Apartment close to NCSU","detail_expenses_utilities","utilities","Electricity","","{""name"":""Electricity"",""price"":""Included"",""category"":""Utility""}"
"ocpq99qjpx","Apartment close to NCSU","detail_expenses_utilities","utilities","Water/Sewer","","{""name"":""Water/Sewer"",""price"":""Included"",""category"":""Utility""}"
"gdtz0ww","3111 Kentish Town Ln (Raleigh, NC)","detail_expenses_one_time","one_time","Security Deposit","","{""name"":""Security Deposit"",""price"":""$2,675"",""category"":""Admin""}"
"ocps6ymwl7","University Woods","detail_expenses_one_time","one_time","Security Deposit","","{""name"":""Security Deposit"",""price"":""$600"",""category"":""Admin""}"
"ocps6ymwl7","University Woods","detail_expenses_utilities","utilities","Electricity","","{""name"":""Electricity"",""price"":""Included"",""category"":""Utility""}"
"ocps6ymwl7","University Woods","detail_expenses_utilities","utilities","Water/Sewer","","{""name"":""Water/Sewer"",""price"":""Included"",""category"":""Utility""}"
"ocpvgtpebg","Lake Park Condos- Room Rental with Utilities","detail_expenses_utilities","utilities","Electricity","","{""name"":""Electricity"",""price"":""Included"",""category"":""Utility""}"
"ocpvgtpebg","Lake Park Condos- Room Rental with Utilities","detail_expenses_utilities","utilities","Water/Sewer","","{""name"":""Water/Sewer"",""price"":""Included"",""category"":""Utility""}"
"5hme2mn","The Station Raleigh","detail_expenses_utilities","utilities","Air Conditioning","","{""name"":""Air Conditioning"",""price"":""Included"",""category"":""Utility""}"
"5hme2mn","The Station Raleigh","detail_expenses_utilities","utilities","Cable","","{""name"":""Cable"",""price"":""Included"",""category"":""Utility""}"
"5hme2mn","The Station Raleigh","detail_expenses_utilities","utilities","Gas","","{""name"":""Gas"",""price"":""Included"",""category"":""Utility""}"
"5hme2mn","The Station Raleigh","detail_expenses_utilities","utilities","Heat","","{""name"":""Heat"",""price"":""Included"",""category"":""Utility""}"
"5hme2mn","The Station Raleigh","detail_expenses_utilities","utilities","High-Speed Internet","","{""name"":""High-Speed Internet"",""price"":""Included"",""category"":""Utility""}"
"5hme2mn","The Station Raleigh","detail_expenses_utilities","utilities","Trash Removal","","{""name"":""Trash Removal"",""price"":""Included"",""category"":""Utility""}"
"5hme2mn","The Station Raleigh","detail_expenses_utilities","utilities","Water/Sewer","","{""name"":""Water/Sewer"",""price"":""Included"",""category"":""Utility""}"
"ocp1kxjde4","Rent a WHOLE unit with water, electric, washer and dryer! 4 Bed 4 Bath! Lake Park Condos!","detail_expenses_utilities","utilities","Electricity","","{""name"":""Electricity"",""price"":""Included"",""category"":""Utility""}"
"ocp1kxjde4","Rent a WHOLE unit with water, electric, washer and dryer! 4 Bed 4 Bath! Lake Park Condos!","detail_expenses_utilities","utilities","Water/Sewer","","{""name"":""Water/Sewer"",""price"":""Included"",""category"":""Utility""}"
"lpl9fce","2850 Sanderford Rd (Raleigh, NC)","detail_expenses_one_time","one_time","Security Deposit","","{""name"":""Security Deposit"",""price"":""$650"",""category"":""Admin""}"
"lpl9fce","2850 Sanderford Rd (Raleigh, NC)","detail_expenses_utilities","utilities","Electricity","","{""name"":""Electricity"",""price"":""Included"",""category"":""Utility""}"
"lpl9fce","2850 Sanderford Rd (Raleigh, NC)","detail_expenses_utilities","utilities","Trash Removal","","{""name"":""Trash Removal"",""price"":""Included"",""category"":""Utility""}"
"lpl9fce","2850 Sanderford Rd (Raleigh, NC)","detail_expenses_utilities","utilities","Water/Sewer","","{""name"":""Water/Sewer"",""price"":""Included"",""category"":""Utility""}"
"ocp0psn632","An apartments with 3 bed and 3 bath for NC State Students www.ncstudentsliving.com","detail_expenses_utilities","utilities","Recycling","","{""name"":""Recycling"",""price"":""Included"",""category"":""Utility""}"
"ocp0psn632","An apartments with 3 bed and 3 bath for NC State Students www.ncstudentsliving.com","detail_expenses_utilities","utilities","Trash Removal","","{""name"":""Trash Removal"",""price"":""Included"",""category"":""Utility""}"
"ocp0psn632","An apartments with 3 bed and 3 bath for NC State Students www.ncstudentsliving.com","detail_expenses_utilities","utilities","Water/Sewer","","{""name"":""Water/Sewer"",""price"":""Included"",""category"":""Utility""}"
"l1e6hxd","707 E Martin St (Raleigh, NC)","detail_expenses_one_time","one_time","Security Deposit","","{""name"":""Security Deposit"",""price"":""$2,650"",""category"":""Admin""}"
"l1e6hxd","707 E Martin St (Raleigh, NC)","detail_expenses_utilities","utilities","Trash Removal","","{""name"":""Trash Removal"",""price"":""Included"",""category"":""Utility""}"
"l1e6hxd","707 E Martin St (Raleigh, NC)","detail_expenses_utilities","utilities","Water/Sewer","","{""name"":""Water/Sewer"",""price"":""Included"",""category"":""Utility""}"
"ocpqfg7r3z","University Commons PRELEASING FOR 2026-2027","detail_expenses_utilities","utilities","Electricity","","{""name"":""Electricity"",""price"":""Included"",""category"":""Utility""}"
"ocpqfg7r3z","University Commons PRELEASING FOR 2026-2027","detail_expenses_utilities","utilities","Water/Sewer","","{""name"":""Water/Sewer"",""price"":""Included"",""category"":""Utility""}"
"ocpeg5yhcm","Avery Close","detail_expenses_one_time","one_time","Security Deposit","","{""name"":""Security Deposit"",""price"":""Varies By Floorplan"",""category"":""Admin"",""class"":""italics""}"