site_id,ocp_id,apartments_listing_key,name,street_address,city,state,zip,latitude,longitude,target_campus,api_distance_to_campus_miles,rent_low,rent_high,rent_display,beds_low,beds_high,beds_display,per_bed_pricing,per_semester_pricing,total_monthly_price,total_monthly_price_verified,shared_space,sublet,lease_term,hide_address,hide_map_pin,last_updated,property_type,total_units,active,image_count,listing_url
kele8mc,957690,1flvcm7,Lofts at Lakeview,2616 Erwin Rd,Durham,NC,27705,36.009311,-78.94637,Main Campus,24.29,1595,2995.0,"$1,595 - $2,995",0,2,Studio - 2 Beds,False,False,"$1,595 - $2,995",,False,False,12 Month Lease,False,False,2026-09-02T07:18:32Z,Apartment Community,351.0,True,2,https://offcampus.dasa.ncsu.edu/housing/property/lofts-at-lakeview/kele8mc
ocpet5b7hm,1384716,,Modern/High Ceilings 2bed/2 bath,2304 Hillsborough Street,Raleigh,NC,27607,35.787311,-78.666093,Main Campus,0.22,1250,1250.0,"$1,250",2,2,2 Beds,True,False,"$1,250 /Bedroom",True,False,False,6 Month Lease,False,False,2026-08-19T21:27:02Z,Apartment Community,,True,11,https://offcampus.dasa.ncsu.edu/housing/property/modern-high-ceilings-2bed-2-bath/ocpet5b7hm
59xvx3n,1581418,pbxey3s,Aventura RTP,200 Edinborough Dr,Durham,NC,27703,35.894098,-78.846917,Main Campus,12.73,1149,1946.0,"$1,149 - $1,946",1,3,1 - 3 Beds,False,False,"$1,149 - $1,946",,False,False,,False,False,2026-09-07T07:45:06Z,Apartment Community,330.0,True,2,https://offcampus.dasa.ncsu.edu/housing/property/aventura-rtp/59xvx3n
ocpvcjy8we,885763,,Rare 4 bedroom 4 full bath only $2200. per month,1351 Crab Orchard Drive 202,Raleigh,NC,27606,35.762584,-78.703352,Main Campus,1.8,2200,2200.0,"$2,200",4,4,4 Beds,False,False,"$2,200",True,False,False,12 Month Lease,False,False,2026-08-07T10:33:48Z,Residential Condo Unit For Rent,,True,13,https://offcampus.dasa.ncsu.edu/housing/property/rare-4-bedroom-4-full-bath-only-2200-per-month/ocpvcjy8we
7e6kx1w,681217,mf64y1h,Centennial Ridge Student Housing,2450 Centennial Ridge Way,Raleigh,NC,27603,35.745958,-78.69065,Main Campus,2.93,599,2157.0,"$599 - $2,157",3,3,3 Beds,True,False,"$599 - $2,157 /Bedroom",,False,False,11 Month Lease,False,False,2026-08-14T07:28:17Z,Apartment Community,60.0,True,2,https://offcampus.dasa.ncsu.edu/housing/property/centennial-ridge-student-housing/7e6kx1w
ocpw46rjcl,2248845,,Brand New Luxury Furnished Townhome | 4 Bed /  3.5 Bath | 5 Min to NC State & 3 Mins to Fenton +shop,,Raleigh,NC,27606,35.774826,-78.740894,Main Campus,5.25,900,1050.0,"$900 - $1,050",3,3,3 Beds,True,False,"$900 - $1,050 /Bedroom",True,True,False,12 Month Lease,True,False,2026-07-08T00:53:37Z,Townhome,,True,13,https://offcampus.dasa.ncsu.edu/housing/property/brand-new-luxury-furnished-townhome-4-bed-3-5-bath-5-min-to-nc-state-and-3-mins-to-fenton-shop/ocpw46rjcl
mc0h4yh,1097868,78067yw,The Reserve at Patterson Place,1055 Stillwell Dr,Durham,NC,27707,35.950566,-78.983303,Main Campus,24.36,1288,2422.0,"$1,288 - $2,422",1,3,1 - 3 Beds,False,False,"$1,288 - $2,422",,False,False,,False,False,2026-09-07T07:40:35Z,Apartment Community,345.0,True,2,https://offcampus.dasa.ncsu.edu/housing/property/the-reserve-at-patterson-place/mc0h4yh
ocpchygggd,1087411,,Hurry 2 Rooms Left! – 4BR/4BA Condo Near NC State  – All Utilities & Internet Included!,2020 University Woods Road Apt 102,Raleigh,NC,27603,35.749382,-78.69395,Main Campus,2.22,695,695.0,$695,2,2,2 Beds,True,False,$695 /Bedroom,True,True,False,12 Month Lease,False,False,2026-02-16T16:42:25Z,Residential Condo Unit For Rent,,True,9,https://offcampus.dasa.ncsu.edu/housing/property/hurry-2-rooms-left-4br-4ba-condo-near-nc-state-all-utilities-and-internet-included/ocpchygggd
es0855q,1022168,yt0y65v,Maxwell Raleigh,3101 Hillsborough St,Raleigh,NC,27607,35.78944,-78.678155,Main Campus,0.18,799,1899.0,"$799 - $1,899",0,4,Studio - 4 Beds,False,False,"$799 - $1,899",,False,False,11 Month Lease,False,False,2026-08-29T07:34:06Z,Apartment Community,234.0,True,2,https://offcampus.dasa.ncsu.edu/housing/property/maxwell-raleigh/es0855q
ocpesl9n3p,2212882,,maisonNC --- Fully Furnished minutes away from Wolfline and Shopping,1251 University Court,Raleigh,NC,27606,35.763398,-78.702658,Main Campus,1.73,750,750.0,$750,4,4,4 Beds,True,False,$750 /Bedroom,True,True,False,6 Month Lease,False,False,2026-09-03T16:16:57Z,Residential Condo Unit For Rent,,True,2,https://offcampus.dasa.ncsu.edu/housing/property/maisonnc-fully-furnished-minutes-away-from-wolfline-and-shopping/ocpesl9n3p
lvqgnje,2098340,0rqspj1,Trellis-University Hill,3017 Pickett Rd,Durham,NC,27705,35.973823,-78.963096,Main Campus,26.39,1400,1625.0,"$1,400 - $1,625",1,2,1 - 2 Beds,False,False,"$1,400 - $1,625",,False,False,12 Month Lease,False,False,2026-08-20T08:00:01Z,Apartment Community,75.0,True,2,https://offcampus.dasa.ncsu.edu/housing/property/trellis-university-hill/lvqgnje
ocpcm3jede,952545,,maisonNC --- Fully Furnished minutes away from Wolfline and Shopping,1440 Collegiate Circle,Raleigh,NC,27606,35.762694,-78.701312,Main Campus,1.66,750,750.0,$750,4,4,4 Beds,True,False,$750 /Bedroom,True,True,False,6 Month Lease,False,False,2026-09-03T16:23:39Z,Residential Condo Unit For Rent,,True,16,https://offcampus.dasa.ncsu.edu/housing/property/maisonnc-fully-furnished-minutes-away-from-wolfline-and-shopping/ocpcm3jede
seyb987,949937,bfywb8c,Wesley,442 Jefferson Towne Dr,Raleigh,NC,27606,35.779833,-78.741537,Main Campus,4.29,1240,2160.0,"$1,240 - $2,160",1,3,1 - 3 Beds,False,False,"$1,240 - $2,160",,False,False,,False,False,2026-09-03T07:38:50Z,Apartment Community,354.0,True,2,https://offcampus.dasa.ncsu.edu/housing/property/wesley/seyb987
ocpnx5c0kn,890238,,Modern & spacious 3BR/3BA Apartment w/View,2304 Hillsborough Street,Raleigh,NC,27607,35.78754,-78.666068,Main Campus,0.26,1000,1000.0,"$1,000",3,3,3 Beds,True,False,"$1,000 /Bedroom",True,False,False,12 Month Lease,False,False,2026-09-03T12:50:45Z,Apartment Community,,True,13,https://offcampus.dasa.ncsu.edu/housing/property/modern-and-spacious-3br-3ba-apartment-w-view/ocpnx5c0kn
ll5gb9f,2372474,0h5s992,Rhyne's Gate Apartments,1110 McKimmon View Ct,Raleigh,NC,27606,35.783346,-78.688047,Main Campus,0.2,1150,1150.0,"$1,150",2,2,2 Beds,False,False,"$1,150",,False,False,,False,False,2026-09-02T07:57:49Z,Apartment Community,48.0,True,2,https://offcampus.dasa.ncsu.edu/housing/property/rhynes-gate-apartments/ll5gb9f
ocp5ey2bmq,1898461,,Furnished Studio/ADU | Olde Raleigh | Parking | Fast Wi-Fi,,Raleigh,NC,27613,35.878112,-78.720793,Main Campus,9.08,1875,1875.0,"$1,875",0,0,Studio,False,False,"$1,875",True,False,False,1 Month Lease,True,False,2026-01-17T20:05:49Z,Apartment Unit For Rent,,True,17,https://offcampus.dasa.ncsu.edu/housing/property/furnished-studio-adu-olde-raleigh-parking-fast-wi-fi/ocp5ey2bmq
70rqkwy,915262,m3r1jwk,Brook Hill Townhouse - Students Save Up to 10%,5425 Dana Dr,Raleigh,NC,27606,35.769074,-78.731014,Main Campus,3.46,1350,1645.0,"$1,350 - $1,645",1,3,1 - 3 Beds,False,False,"$1,350 - $1,645",,False,False,1 Month Lease,False,False,2026-09-07T07:33:54Z,Apartment Community,100.0,True,2,https://offcampus.dasa.ncsu.edu/housing/property/brook-hill-townhouse-students-save-up-to-10/70rqkwy
ocpjeweyz6,1299975,,All Girls Unit - Room with Private Bathroom at  University Woods at Centennial Condominiums,2020 University Woods Rd,Raleigh,NC,27603,35.749432,-78.693908,Main Campus,2.22,645,645.0,$645,4,4,4 Beds,True,False,$645 /Bedroom,True,True,False,12 Month Lease,False,False,2026-08-09T22:03:13Z,Residential Condo Unit For Rent,,True,12,https://offcampus.dasa.ncsu.edu/housing/property/all-girls-unit-room-with-private-bathroom-at-university-woods-at-centennial-condominiums/ocpjeweyz6
0smdl31,635486,ltmth3e,Paloma Raleigh,5701 Hillsborough St,Raleigh,NC,27606,35.785778,-78.727869,Main Campus,2.28,749,1599.0,"$749 - $1,599",1,5,1 - 5 Beds,True,False,"$749 - $1,599 /Bedroom",,False,False,,False,False,2026-05-31T07:23:07Z,Apartment Community,180.0,True,2,https://offcampus.dasa.ncsu.edu/housing/property/paloma-raleigh/0smdl31
ocppjxdd3r,893905,,Collegeview Duplex--Brand New Luxury Housing within walking distance to NCSU,1505 Collegeview Avenue,Raleigh,NC,27606,35.777665,-78.685499,Main Campus,0.26,900,950.0,$900 - $950,4,4,4 Beds,True,False,$900 - $950 /Bedroom,True,False,False,12 Month Lease,False,False,2026-04-01T16:07:30Z,Duplex,,True,28,https://offcampus.dasa.ncsu.edu/housing/property/collegeview-duplex-brand-new-luxury-housing-within-walking-distance-to-ncsu/ocppjxdd3r
hgdd8s0,1739564,3ddtcsd,Lantower Bullhouse,504 E Pettigrew St,Durham,NC,27701,35.989797,-78.898555,Main Campus,21.13,1377,4346.0,"$1,377 - $4,346",0,2,Studio - 2 Beds,False,False,"$1,377 - $4,346",True,False,False,,False,False,2026-09-07T07:46:54Z,Apartment Community,305.0,True,2,https://offcampus.dasa.ncsu.edu/housing/property/lantower-bullhouse/hgdd8s0
ocpe1n95cm,1051859,,Big Promotion w/best price ever. Move in Immediately . MarcomTowns. Great location nice,3601 Marcom Street Unit 101,Raleigh,NC,27606,35.779182,-78.686005,Main Campus,0.09,950,950.0,$950,4,4,4 Beds,True,False,$950 /Bedroom,True,False,False,12 Month Lease,False,False,2026-08-19T18:15:14Z,Townhome,,True,10,https://offcampus.dasa.ncsu.edu/housing/property/big-promotion-w-best-price-ever-move-in-immediately-marcomtowns-great-location-nice/ocpe1n95cm
p8mlexs,958697,5cm5fxn,Valentine Commons,3009 M E Valentine Dr,Raleigh,NC,27607,35.788189,-78.676931,Main Campus,0.01,1190,2238.0,"$1,190 - $2,238",2,4,2 - 4 Beds,False,False,"$1,190 - $2,238",,False,False,12 Month Lease,False,False,2026-08-19T07:22:49Z,Apartment Community,277.0,True,2,https://offcampus.dasa.ncsu.edu/housing/property/valentine-commons/p8mlexs
ocp2evl6hb,1068891,,University Oaks -,1120 Carlton Avenue,Raleigh,NC,27606,35.782805,-78.688398,Main Campus,0.24,725,725.0,$725,1,1,1 Bed,True,False,$725 /Bedroom,True,True,False,12 Month Lease,False,False,2026-06-02T04:46:13Z,Residential Condo Unit For Rent,,True,8,https://offcampus.dasa.ncsu.edu/housing/property/university-oaks/ocp2evl6hb
fgrbwjv,632792,xdrwzjq,Stanhope,3001 Hillsborough St,Raleigh,NC,27607,35.789503,-78.676817,Main Campus,0.05,845,1695.0,"$845 - $1,695",0,4,Studio - 4 Beds,False,False,"$845 - $1,695",,False,False,11 Month Lease,False,False,2026-09-05T07:23:15Z,Apartment Community,300.0,True,2,https://offcampus.dasa.ncsu.edu/housing/property/stanhope/fgrbwjv
ocpvlydr3e,901410,,Reavis ---Brand New Luxury Housing within walking distance to NCSU,4104 Reavis Rd,Raleigh,NC,27606,35.785622,-78.69476,Main Campus,0.32,925,975.0,$925 - $975,4,4,4 Beds,True,False,$925 - $975 /Bedroom,True,True,False,12 Month Lease,False,False,2026-04-01T16:11:07Z,Duplex,,True,11,https://offcampus.dasa.ncsu.edu/housing/property/reavis-brand-new-luxury-housing-within-walking-distance-to-ncsu/ocpvlydr3e
86fjg60,2210773,v5f7d6d,HeyDay Raleigh,2812 Hillsborough St,Raleigh,NC,27607,35.789556,-78.674739,Main Campus,0.0,1349,2269.0,"$1,349 - $2,269",0,4,Studio - 4 Beds,False,False,"$1,349 - $2,269",,False,False,11 Month Lease,False,False,2026-08-26T07:59:40Z,Apartment Community,138.0,True,2,https://offcampus.dasa.ncsu.edu/housing/property/heyday-raleigh/86fjg60
ocpxdxd79p,1424343,,4BR/4BA Condo| On Wolfline | Preleasing 27-28 Special $850 Util/Parking Incld | Mile to Campus,1511 Graduate Lane,Raleigh,NC,27606,35.773343,-78.690564,Main Campus,0.5,875,875.0,$875,4,4,4 Beds,True,False,$875 /Bedroom,True,False,False,12 Month Lease,False,False,2026-09-08T15:04:07Z,Residential Condo Unit For Rent,,True,32,https://offcampus.dasa.ncsu.edu/housing/property/4br-4ba-condo-on-wolfline-preleasing-27-28-special-850-util-parking-incld-mile-to-campus/ocpxdxd79p
9de4we5,2291495,tgekze9,LYV Woodcroft at Southpoint,4655 Hope Valley Rd,Durham,NC,27707,35.924925,-78.953214,Main Campus,19.38,1200,1400.0,"$1,200 - $1,400",1,2,1 - 2 Beds,False,False,"$1,200 - $1,400",,False,False,12 Month Lease,False,False,2026-09-02T07:56:43Z,Apartment Community,264.0,True,2,https://offcampus.dasa.ncsu.edu/housing/property/lyv-woodcroft-at-southpoint/9de4we5
ocpm68s5sh,901422,,Burt Drive Townhouses---Brand New Luxury Housing within walking distance to NCSU,3609 Burt Drive,Raleigh,NC,27606,35.776121,-78.686075,Main Campus,0.29,1050,1050.0,"$1,050",4,4,4 Beds,True,False,"$1,050 /Bedroom",True,True,False,12 Month Lease,False,False,2026-04-01T16:08:29Z,Townhome,,True,12,https://offcampus.dasa.ncsu.edu/housing/property/burt-drive-townhouses-brand-new-luxury-housing-within-walking-distance-to-ncsu/ocpm68s5sh
gky0hgw,1097703,wjyplgh,Willow Bend Apartments,1718 Palmer St,Durham,NC,27707,35.987772,-78.923142,Main Campus,22.93,1312,1357.0,"$1,312 - $1,357",2,2,2 Beds,False,False,"$1,312 - $1,357",,False,False,,False,False,2026-09-03T07:45:15Z,Apartment Community,44.0,True,2,https://offcampus.dasa.ncsu.edu/housing/property/willow-bend-apartments/gky0hgw
ocpd8x87kh,949002,,New Construction: 4 Bed 4.5 Bath Townhomes,,Raleigh,NC,27606,35.778062,-78.689907,Main Campus,0.24,4000,4000.0,"$4,000",4,4,4 Beds,False,False,"$4,000",,False,False,12 Month Lease,True,False,2026-06-10T19:11:44Z,Townhome,,True,11,https://offcampus.dasa.ncsu.edu/housing/property/new-construction-4-bed-4-5-bath-townhomes/ocpd8x87kh
v534e5d,1289740,863kf50,Kensington Park,2700 Brigadoon Dr,Raleigh,NC,27606,35.771483,-78.687069,Main Campus,0.48,1175,1945.0,"$1,175 - $1,945",1,3,1 - 3 Beds,False,False,"$1,175 - $1,945",,False,False,,False,False,2026-08-19T07:42:13Z,Apartment Community,335.0,True,2,https://offcampus.dasa.ncsu.edu/housing/property/kensington-park/v534e5d
ocp913l1z6,987192,,"** WAITLIST for 2026-2027 ** 4 Bedroom, 4.5 Bathroom Unit Near NCSU Campus and Cup A Joe",3104 Douglas Street,Raleigh,NC,27607,35.791166,-78.677347,Main Campus,0.3,4400,4400.0,"$4,400",4,4,4 Beds,False,False,"$4,400",,False,False,,False,False,2026-02-18T17:12:47Z,Duplex,,True,12,https://offcampus.dasa.ncsu.edu/housing/property/waitlist-for-2026-2027-4-bedroom-4-5-bathroom-unit-near-ncsu-campus-and-cup-a-joe/ocp913l1z6
0zm5l03,1677875,lwmlh0g,616 at the Village,616 Oberlin Rd,Raleigh,NC,27605,35.792999,-78.662003,Main Campus,0.67,1620,3430.0,"$1,620 - $3,430",0,3,Studio - 3 Beds,False,False,"$1,620 - $3,430",,False,False,,False,False,2026-09-08T07:39:10Z,Apartment Community,207.0,True,2,https://offcampus.dasa.ncsu.edu/housing/property/616-at-the-village/0zm5l03
ocp2k0px98,2240527,,Liberty station male only townhome- 5 miles from Centennial,567 Hacksaw Trail,Raleigh,NC,27610,35.737912,-78.630411,Main Campus,5.44,900,900.0,$900,1,1,1 Bed,True,False,$900 /Bedroom,,True,False,12 Month Lease,False,False,2026-06-30T17:50:41Z,Townhome,,True,4,https://offcampus.dasa.ncsu.edu/housing/property/liberty-station-male-only-townhome-5-miles-from-centennial/ocp2k0px98
z8cfdjw,702854,dccrgjh,Campus Crossings Raleigh,3101 Compatible Way,Raleigh,NC,27603,35.744806,-78.687537,Main Campus,2.96,685,870.0,$685 - $870,2,4,2 - 4 Beds,True,False,$685 - $870 /Bedroom,,False,False,11 Month Lease,False,False,2026-08-13T07:23:39Z,Apartment Community,718.0,True,2,https://offcampus.dasa.ncsu.edu/housing/property/campus-crossings-raleigh/z8cfdjw
ocp6mp93ms,1874562,,Newly Renovated - All Girls Unit Room with Private Bathroom,2021 Wolftech Ln,Raleigh,NC,27603,35.749776,-78.695407,Main Campus,2.19,645,645.0,$645,4,4,4 Beds,True,False,$645 /Bedroom,,True,False,12 Month Lease,False,False,2026-08-17T21:37:05Z,Residential Condo Unit For Rent,,True,16,https://offcampus.dasa.ncsu.edu/housing/property/newly-renovated-all-girls-unit-room-with-private-bathroom/ocp6mp93ms
75medjw,2312026,m6mvgjh,Brickside,2600 Hillsborough St,Raleigh,NC,27607,35.788447,-78.669806,Main Campus,0.38,999,1825.0,"$999 - $1,825",0,4,Studio - 4 Beds,True,False,"$999 - $1,825 /Bedroom",,False,False,12 Month Lease,False,False,2026-09-02T07:57:23Z,Apartment Community,110.0,True,2,https://offcampus.dasa.ncsu.edu/housing/property/brickside/75medjw
ocp6wsb4yt,961876,,We have 1 bedroom open In a luxury 5 bed 5 full bath house 1/1/27-6/30/27,5012 Western Boulevard,Raleigh,NC,27606,35.786652,-78.709484,Main Campus,1.3,1200,1200.0,"$1,200",1,1,1 Bed,True,False,"$1,200 /Bedroom",,True,True,6 Month Lease,False,False,2026-08-07T10:46:34Z,Single-Family Home,,True,27,https://offcampus.dasa.ncsu.edu/housing/property/we-have-1-bedroom-open-in-a-luxury-5-bed-5-full-bath-house-1-1-27-6-30-27/ocp6wsb4yt
tv2h1cb,1315350,9r262c6,Gorman Crossings,2101 Gorman St,Raleigh,NC,27606,35.770408,-78.693727,Main Campus,0.78,1295,2145.0,"$1,295 - $2,145",2,3,2 - 3 Beds,False,False,"$1,295 - $2,145",,False,False,,False,False,2026-06-04T07:50:12Z,Apartment Community,336.0,True,2,https://offcampus.dasa.ncsu.edu/housing/property/gorman-crossings/tv2h1cb
ocpbp1v5c9,1951612,,Prime ITB location one block off Ridge Road,1003 Marilyn Drive,Raleigh,NC,27607,35.804462,-78.688856,Main Campus,1.14,2800,2800.0,"$2,800",3,3,3 Beds,False,False,"$2,800",,False,False,12 Month Lease,False,False,2026-02-23T23:12:02Z,Single-Family Home,,True,21,https://offcampus.dasa.ncsu.edu/housing/property/prime-itb-location-one-block-off-ridge-road/ocpbp1v5c9
5x5ph7m,659141,py50l7r,Redpoint Raleigh,10 Oakdale Dr,Raleigh,NC,27606,35.785793,-78.729156,Main Campus,2.38,899,995.0,$899 - $995,3,4,3 - 4 Beds,True,False,$899 - $995 /Bedroom,,False,False,,False,False,2026-09-04T07:24:44Z,Apartment Community,149.0,True,2,https://offcampus.dasa.ncsu.edu/housing/property/redpoint-raleigh/5x5ph7m
ocp5z7c91m,2097027,,$300 off 1st month's rent! Spacious 3BD/2.5BA Townhome Rental available near NCSU for fall semester!,608 Brent Road,Raleigh,NC,27606,35.773756,-78.696867,Main Campus,0.87,1800,1800.0,"$1,800",3,3,3 Beds,False,False,"$1,800",,False,False,12 Month Lease,False,False,2026-06-06T21:53:46Z,Duplex,,True,14,https://offcampus.dasa.ncsu.edu/housing/property/300-off-1st-months-rent-spacious-3bd-2-5ba-townhome-rental-available-near-ncsu-for-fall-semester/ocp5z7c91m
syvz9l4,633153,bxv9bl8,The Wilde,3333 Melrose Club Blvd,Raleigh,NC,27603,35.751208,-78.691361,Main Campus,2.25,599,920.0,$599 - $920,2,4,2 - 4 Beds,True,False,$599 - $920 /Bedroom,,False,False,11 Month Lease,False,False,2026-08-14T07:25:32Z,Apartment Community,210.0,True,2,https://offcampus.dasa.ncsu.edu/housing/property/the-wilde/syvz9l4
ocph8n0fc0,2268744,,Affordable Student Housing 1 Block from Campus on Wolf Line,,Raleigh,NC,27606,35.782901,-78.688396,Main Campus,0.24,640,640.0,$640,4,4,4 Beds,True,False,$640 /Bedroom,,True,False,11 Month Lease,True,False,2026-07-13T20:37:22Z,Residential Condo Unit For Rent,,True,6,https://offcampus.dasa.ncsu.edu/housing/property/affordable-student-housing-1-block-from-campus-on-wolf-line/ocph8n0fc0
61y0ywr,1512903,n2ypxwm,Hub Raleigh,111 Cox Ave,Raleigh,NC,27605,35.784382,-78.660298,Main Campus,0.24,799,1599.0,"$799 - $1,599",0,4,Studio - 4 Beds,False,False,"$799 - $1,599",,False,False,11 Month Lease,False,False,2026-08-28T07:49:27Z,Apartment Community,665.0,True,2,https://offcampus.dasa.ncsu.edu/housing/property/hub-raleigh/61y0ywr
ocp1tnqde5,1754373,,"2 blocks from central campus, 2 blocks from Village District!",2208 Garden Place,Raleigh,NC,27607,35.7886,-78.66418,Main Campus,0.24,3900,3900.0,"$3,900",4,4,4 Beds,False,False,"$3,900",,False,False,12 Month Lease,False,False,2025-11-05T16:36:23Z,Apartment Community,,True,4,https://offcampus.dasa.ncsu.edu/housing/property/2-blocks-from-central-campus-2-blocks-from-village-district/ocp1tnqde5
dw0f7sh,982126,zz0r4sw,Campus Edge,3551 Cum Laude Ct,Raleigh,NC,27606,35.754317,-78.697608,Main Campus,2.11,955,980.0,$955 - $980,3,3,3 Beds,True,False,$955 - $980 /Bedroom,,False,False,11 Month Lease,False,False,2026-08-19T07:22:47Z,Apartment Community,546.0,True,2,https://offcampus.dasa.ncsu.edu/housing/property/campus-edge/dw0f7sh
ocp85fz0j3,1622605,,Brand-New 4BR Townhomes - Eight at State,4204 Reavis Road,Raleigh,NC,27606,35.785424,-78.6963,Main Campus,0.36,4000,4000.0,"$4,000",4,4,4 Beds,False,False,"$4,000",,False,False,12 Month Lease,False,False,2025-10-03T19:40:36Z,Townhome,,True,9,https://offcampus.dasa.ncsu.edu/housing/property/brand-new-4br-townhomes-eight-at-state/ocp85fz0j3
zfcjzqy,694234,dec7wqk,Yugo Raleigh Logan,102 Logan Ct,Raleigh,NC,27607,35.788293,-78.665382,Main Campus,0.27,999,1879.0,"$999 - $1,879",1,4,1 - 4 Beds,False,False,"$999 - $1,879",,False,False,11 Month Lease,False,False,2026-08-28T07:25:24Z,Apartment Community,121.0,True,2,https://offcampus.dasa.ncsu.edu/housing/property/yugo-raleigh-logan/zfcjzqy
ocpx3vt61n,2257450,,FURNISHED NCSU STUDENT HOUSING – TOWNHOME ROOM RENTAL WITH PRIVATE BATHROOM ($850/room),37 Red Lane,Raleigh,NC,27606,35.784785,-78.724642,Main Campus,2.1,850,850.0,$850,3,3,3 Beds,True,False,$850 /Bedroom,,False,False,12 Month Lease,False,False,2026-08-11T01:34:37Z,Townhome,,True,11,https://offcampus.dasa.ncsu.edu/housing/property/furnished-ncsu-student-housing-townhome-room-rental-with-private-bathroom-850-room/ocpx3vt61n
9rxe6j6,654063,tvxv5jb,The Dakota,1201 Pine Haven Dr,Raleigh,NC,27607,35.798105,-78.735625,Main Campus,3.15,1316,2017.0,"$1,316 - $2,017",1,3,1 - 3 Beds,False,False,"$1,316 - $2,017",,False,False,,False,False,2026-09-08T07:22:28Z,Apartment Community,314.0,True,2,https://offcampus.dasa.ncsu.edu/housing/property/the-dakota/9rxe6j6
ocp5km4x4p,1644490,,Private Townhome in North Raleigh,7301-A Leesville Road,Raleigh,NC,27613,35.86681,-78.69826,Main Campus,7.22,1495,1495.0,"$1,495",2,2,2 Beds,False,False,"$1,495",,False,False,12 Month Lease,False,False,2026-08-14T17:52:44Z,Townhome,,True,7,https://offcampus.dasa.ncsu.edu/housing/property/private-townhome-in-north-raleigh/ocp5km4x4p
xr4rsmq,2375281,fv4ftmv,Pine Knoll Apartments,2435-2509 Avent Ferry Rd,Raleigh,NC,27606,35.773534,-78.682627,Main Campus,0.17,1095,1095.0,"$1,095",1,1,1 Bed,False,False,"$1,095",,False,False,,False,False,2026-09-02T07:57:50Z,Apartment Community,72.0,True,2,https://offcampus.dasa.ncsu.edu/housing/property/pine-knoll-apartments/xr4rsmq
ocpwwwe8yh,2253444,,FURNISHED TOWNHOME RENTAL – 10 Mins to NCSU - 3 Bedroom - starting $750 per room,727 Maypearl Lane,Raleigh,NC,27610,35.739252,-78.628621,Main Campus,4.37,750,750.0,$750,4,4,4 Beds,True,False,$750 /Bedroom,,True,False,12 Month Lease,False,False,2026-08-11T01:37:48Z,Townhome,,True,17,https://offcampus.dasa.ncsu.edu/housing/property/furnished-townhome-rental-10-mins-to-ncsu-3-bedroom-starting-750-per-room/ocpwwwe8yh
5je4q3n,1920646,pkekm3s,Signature 1505,1505 Hillsborough St,Raleigh,NC,27605,35.78383,-78.658382,Main Campus,0.34,650,1305.0,"$650 - $1,305",2,4,2 - 4 Beds,True,False,"$650 - $1,305 /Bedroom",,False,False,11 Month Lease,False,False,2026-08-13T07:23:02Z,Apartment Community,150.0,True,2,https://offcampus.dasa.ncsu.edu/housing/property/signature-1505/5je4q3n
ocptf3fhqb,2097039,,Spacious 2BD/1BA apartment available 08/01/26- 1 block from the NCSU McKimmon Center!,1225 Carlton Avenue,Raleigh,NC,27606,35.7814,-78.688225,Main Campus,0.21,1200,1200.0,"$1,200",2,2,2 Beds,False,False,"$1,200",,False,False,12 Month Lease,False,False,2026-07-08T17:07:13Z,Apartment Community,,True,10,https://offcampus.dasa.ncsu.edu/housing/property/spacious-2bd-1ba-apartment-available-08-01-26-1-block-from-the-ncsu-mckimmon-center/ocptf3fhqb
h2l8mh2,2056030,31lyqhf,Redfield Villages,3707 Lexington Dr,Raleigh,NC,27606,35.785828,-78.688022,Main Campus,0.06,799,899.0,$799 - $899,2,5,2 - 5 Beds,True,False,$799 - $899 /Bedroom,,False,False,11 Month Lease,False,False,2026-08-10T07:49:53Z,Apartment Community,50.0,True,2,https://offcampus.dasa.ncsu.edu/housing/property/redfield-villages/h2l8mh2
ocpthnbmc9,994678,,"Luxury 4 Bedroom 4 Full Bath w free parking, 1 gig internet included. 2027-2028 School yea",1508 Gorman Street Unit 204,Raleigh,NC,27606,35.777786,-78.687882,Main Campus,0.13,4000,4000.0,"$4,000",4,4,4 Beds,False,False,"$4,000",,False,False,12 Month Lease,False,False,2026-07-10T09:01:58Z,Residential Condo Unit For Rent,,True,30,https://offcampus.dasa.ncsu.edu/housing/property/luxury-4-bedroom-4-full-bath-w-free-parking-1-gig-internet-included-2027-2028-school-yea/ocpthnbmc9
vw4rv9e,2328879,8z4fr91,Signature at Varsity,1400 Crest Rd,Raleigh,NC,27606,35.778885,-78.683032,Main Campus,0.1,1249,2222.0,"$1,249 - $2,222",0,5,Studio - 5 Beds,False,False,"$1,249 - $2,222",,False,False,,False,False,2026-09-04T07:56:13Z,Apartment Community,221.0,True,2,https://offcampus.dasa.ncsu.edu/housing/property/signature-at-varsity/vw4rv9e
ocp8c26c92,2104103,,Fully Furnished 3BR Townhome Steps from Lake Johnson,1020 High Lake Court,Raleigh,NC,27606,35.766646,-78.707047,Main Campus,1.88,2500,2500.0,"$2,500",3,3,3 Beds,False,False,"$2,500",,False,False,12 Month Lease,False,False,2026-05-22T06:25:10Z,Townhome,,True,20,https://offcampus.dasa.ncsu.edu/housing/property/fully-furnished-3br-townhome-steps-from-lake-johnson/ocp8c26c92
rf696l2,1425906,ce6z5lf,Madison Hunters Glen,100-D-150 Hunt Club Ln,Raleigh,NC,27606,35.783971,-78.719274,Main Campus,1.91,1081,1534.0,"$1,081 - $1,534",1,2,1 - 2 Beds,False,False,"$1,081 - $1,534",,False,False,,False,False,2026-09-08T07:37:45Z,Apartment Community,180.0,True,2,https://offcampus.dasa.ncsu.edu/housing/property/madison-hunters-glen/rf696l2
ocpszex2v4,2060359,,Spacious bedroom with private bath in 2BR townhome – 5 minutes to NC State,4105 Iver Johnson Drive,Raleigh,NC,27606,35.775635,-78.69008,Main Campus,0.93,800,800.0,$800,2,2,2 Beds,True,False,$800 /Bedroom,,True,False,12 Month Lease,False,False,2026-08-24T20:41:53Z,Townhome,,True,20,https://offcampus.dasa.ncsu.edu/housing/property/spacious-bedroom-with-private-bath-in-2br-townhome-5-minutes-to-nc-state/ocpszex2v4
6mnn0qr,632826,nqn33qm,Live on Hillsborough,2811 Hillsborough St,Raleigh,NC,27607,35.788966,-78.674783,Main Campus,0.09,979,1435.0,"$979 - $1,435",1,3,1 - 3 Beds,False,False,"$979 - $1,435",,False,False,11 Month Lease,False,False,2026-08-14T07:25:30Z,Apartment Community,204.0,True,2,https://offcampus.dasa.ncsu.edu/housing/property/live-on-hillsborough/6mnn0qr
ocp74dcp6w,1538869,,Crabtree Woods Townhome West Raleigh,4705-A Fargo Court,Raleigh,NC,27612,35.836233,-78.685876,Main Campus,5.41,1595,1595.0,"$1,595",2,2,2 Beds,False,False,"$1,595",,False,False,12 Month Lease,False,False,2026-08-14T17:10:50Z,Townhome,,True,5,https://offcampus.dasa.ncsu.edu/housing/property/crabtree-woods-townhome-west-raleigh/ocp74dcp6w
nhblm0q,1922208,6lb5q0v,Viceroy Apartments,1700 Chapel Hill Rd,Durham,NC,27707,35.991864,-78.922841,Main Campus,22.48,1099,1099.0,"$1,099",2,2,2 Beds,False,False,"$1,099",,False,False,,False,False,2026-09-05T07:49:18Z,Apartment Community,50.0,True,2,https://offcampus.dasa.ncsu.edu/housing/property/viceroy-apartments/nhblm0q
ocpkb0kbhb,2142493,,Great Location - Connected to Centennial Campus,733 Chappell Drive,Raleigh,NC,27606,35.770311,-78.682992,Main Campus,0.48,1240,1240.0,"$1,240",2,2,2 Beds,False,False,"$1,240",,False,False,12 Month Lease,False,False,2026-07-16T22:25:17Z,Duplex,,True,25,https://offcampus.dasa.ncsu.edu/housing/property/great-location-connected-to-centennial-campus/ocpkb0kbhb
jjs8f07,761543,2ksye0c,Village Green Student Housing,2000 Village Bluff Pl,Raleigh,NC,27603,35.754039,-78.667439,Main Campus,2.49,649,839.0,$649 - $839,3,4,3 - 4 Beds,True,False,$649 - $839 /Bedroom,,False,False,11 Month Lease,False,False,2026-08-14T07:32:55Z,Apartment Community,156.0,True,2,https://offcampus.dasa.ncsu.edu/housing/property/village-green-student-housing/jjs8f07
ocpjh4j574,1994966,,4BD/3.5BA townhome near NCSU & Downtown Raleigh available August 2026!,1806 Sara Lane,Raleigh,NC,27606,35.776319,-78.690643,Main Campus,0.86,2200,2200.0,"$2,200",4,4,4 Beds,False,False,"$2,200",,False,False,12 Month Lease,False,False,2026-06-06T21:49:27Z,Townhome,,True,10,https://offcampus.dasa.ncsu.edu/housing/property/4bd-3-5ba-townhome-near-ncsu-and-downtown-raleigh-available-august-2026/ocpjh4j574
8gchf40,1604721,vdc6e4d,The Hillsborough,2304 Hillsborough St,Raleigh,NC,27607,35.78758,-78.66618,Main Campus,0.21,1000,1350.0,"$1,000 - $1,350",2,3,2 - 3 Beds,True,False,"$1,000 - $1,350 /Bedroom",,False,False,,False,False,2026-08-07T07:49:37Z,Apartment Community,12.0,True,2,https://offcampus.dasa.ncsu.edu/housing/property/the-hillsborough/8gchf40
ocp032vj21,751464,,5 bedroom 5 full Bath luxury house with 1Gig AT&T Fiber and 1 free parking space per bedroom,5010 Western Boulevard,Raleigh,NC,27606,35.786652,-78.709465,Main Campus,1.21,6000,6000.0,"$6,000",5,5,5 Beds,False,False,"$6,000",,False,False,12 Month Lease,False,False,2026-07-10T08:58:21Z,Single-Family Home,,True,34,https://offcampus.dasa.ncsu.edu/housing/property/5-bedroom-5-full-bath-luxury-house-with-1gig-at-and-t-fiber-and-1-free-parking-space-per-bedroom/ocp032vj21
0pm7tt3,1870508,lnmjstg,Campus West at Tryon,5521 Avent Ferry Rd,Raleigh,NC,27606,35.749441,-78.717104,Main Campus,2.8,699,699.0,$699,3,3,3 Beds,True,False,$699 /Bedroom,,False,False,11 Month Lease,False,False,2026-08-10T07:47:02Z,Apartment Community,54.0,True,2,https://offcampus.dasa.ncsu.edu/housing/property/campus-west-at-tryon/0pm7tt3
ocpbhbkvy9,963221,,Voyager House,2413 Voyager Circle,Raleigh,NC,27603,35.75259,-78.676327,Main Campus,3.14,800,800.0,$800,1,1,1 Bed,True,False,$800 /Bedroom,True,True,False,9 Month Lease,False,False,2026-05-31T04:46:34Z,Single-Family Home,,True,11,https://offcampus.dasa.ncsu.edu/housing/property/voyager-house/ocpbhbkvy9
e13mz5m,644145,y232w5r,University Suites Student Housing,2190 Ocean Reef Pl,Raleigh,NC,27603,35.747754,-78.693507,Main Campus,2.37,699,799.0,$699 - $799,3,4,3 - 4 Beds,True,False,$699 - $799 /Bedroom,,False,False,11 Month Lease,False,False,2026-09-01T07:24:41Z,Apartment Community,136.0,True,2,https://offcampus.dasa.ncsu.edu/housing/property/university-suites-student-housing/e13mz5m
ocpepvxvln,2295274,,Village Green Student Living,2000 Village Bluff Place,Raleigh,NC,27603,35.755208,-78.669348,Main Campus,2.28,831,831.0,$831,1,1,1 Bed,True,False,$831 /Bedroom,True,True,True,12 Month Lease,False,False,2026-08-11T03:30:44Z,Apartment Community,,True,1,https://offcampus.dasa.ncsu.edu/housing/property/village-green-student-living/ocpepvxvln
ocpjpg1817,781955,,Gorman Street Village PRE-LEASING for 2026! 3Bed 3Bath w/ Utilities! Upgraded Units Available!,1613 Gorman Street,Raleigh,NC,27606,35.77603,-78.688002,Main Campus,0.23,2295,2295.0,"$2,295",3,3,3 Beds,False,False,"$2,410",True,False,False,12 Month Lease,False,False,2026-06-04T04:58:12Z,Apartment Community,,True,6,https://offcampus.dasa.ncsu.edu/housing/property/gorman-street-village-pre-leasing-for-2026-3bed-3bath-w-utilities-upgraded-units-available/ocpjpg1817
ocpgxr290w,1768965,,Spacious Forest Park Two-Room Suite + Private Bath - Walk to Campus (Includes Utilities),204 E. Park Dr.,Raleigh,NC,27605,35.78692,-78.654559,Main Campus,0.59,1225,1225.0,"$1,225",2,2,2 Beds,False,False,"$1,225",True,False,False,6 Month Lease,False,False,2026-08-25T00:43:05Z,Single-Family Home,,True,20,https://offcampus.dasa.ncsu.edu/housing/property/spacious-forest-park-two-room-suite-private-bath-walk-to-campus-includes-utilities/ocpgxr290w
ocpb48f058,850643,,Now Pre-Leasing for August 2026! 1 and 3 Bedrooms with Utilities! Marcom St Apartments!,1401 Stovall Drive,Raleigh,NC,27606,35.779168,-78.689547,Main Campus,0.15,1545,2045.0,"$1,545 - $2,045",2,3,2 - 3 Beds,False,False,"$1,620 - $2,160",True,False,False,12 Month Lease,False,False,2026-07-09T15:49:50Z,Apartment Community,,True,16,https://offcampus.dasa.ncsu.edu/housing/property/now-pre-leasing-for-august-2026-1-and-3-bedrooms-with-utilities-marcom-st-apartments/ocpb48f058
ocpsd8dpj6,1006656,,Spacious En-suite with private patio and garage parking in Crescent Ridge Townhome Community,4503 Pale Moss Drive,Raleigh,NC,27606,35.749844,-78.713718,Main Campus,2.93,900,900.0,$900,1,1,1 Bed,True,False,$900 /Bedroom,True,True,False,12 Month Lease,False,False,2026-08-25T19:58:03Z,Townhome,,True,11,https://offcampus.dasa.ncsu.edu/housing/property/spacious-en-suite-with-private-patio-and-garage-parking-in-crescent-ridge-townhome-community/ocpsd8dpj6
xcp87fm,1992324,f8py4fr,Tryon Flats Apartments,3116 Tryon Rd,Raleigh,NC,27603,35.743632,-78.686435,Main Campus,3.48,750,750.0,$750,4,4,4 Beds,True,False,$750 /Bedroom,True,False,False,12 Month Lease,False,False,2026-08-11T07:52:39Z,Apartment Community,16.0,True,2,https://offcampus.dasa.ncsu.edu/housing/property/tryon-flats-apartments/xcp87fm
ocpsq86tm4,1627638,,4bed 4bath Apartment Near Centennial Campus,1441 Collegiate Circle,RALEIGH,NC,27606,35.762747,-78.70112,Main Campus,1.65,725,725.0,$725,4,4,4 Beds,True,False,$725 /Bedroom,True,True,False,12 Month Lease,False,False,2026-06-04T20:13:06Z,Residential Condo Unit For Rent,,True,14,https://offcampus.dasa.ncsu.edu/housing/property/4bed-4bath-apartment-near-centennial-campus/ocpsq86tm4
35cz5ed,2201766,h6c96e0,"644 Coleman St (Raleigh, NC)",644 Coleman St,Raleigh,NC,27610,35.770543,-78.622703,Main Campus,2.96,2150,2150.0,"$2,150",3,3,3 Beds,False,False,"$2,150",,False,False,,False,False,2026-09-04T12:00:13Z,Apartment Unit For Rent,1.0,True,2,https://offcampus.dasa.ncsu.edu/housing/property/644-coleman-st-raleigh-nc/35cz5ed
ocp2gxtxqc,2063730,,The Station,1310 Oglethorpe Avenue,Raleigh,NC,27607,35.798893,-78.711756,Main Campus,2.0,969,969.0,$969,1,1,1 Bed,True,False,$969 /Bedroom,True,True,False,7 Month Lease,False,False,2026-08-24T20:36:44Z,Apartment Community,,True,1,https://offcampus.dasa.ncsu.edu/housing/property/the-station/ocp2gxtxqc
pxc3rhs,1138012,5ycnvhn,Room in Condo on Crab Orchard Dr,1331 Crab Orchard Dr,Raleigh,NC,27606,35.76253,-78.70263,Main Campus,1.75,675,675.0,$675,1,1,1 Bed,False,False,$675,,False,False,,False,False,2026-06-11T14:12:37Z,Duplex,1.0,True,2,https://offcampus.dasa.ncsu.edu/housing/property/room-in-condo-on-crab-orchard-dr/pxc3rhs
ocppbmmgnt,750953,,5 bedroom townhome available near NC State,2820 Barrymore Street Apt 102,Raleigh,NC,27603,35.745216,-78.684625,Main Campus,3.05,650,650.0,$650,2,2,2 Beds,True,False,$650 /Bedroom,True,True,False,12 Month Lease,False,False,2026-02-15T13:42:41Z,Townhome,,True,13,https://offcampus.dasa.ncsu.edu/housing/property/5-bedroom-townhome-available-near-nc-state/ocppbmmgnt
tqbb2mb,1137998,9mbw1m6,Room in House on Okelly St,2923 Okelly St,Raleigh,NC,27607,35.789836,-78.689938,Main Campus,0.26,725,725.0,$725,1,1,1 Bed,False,False,$725,,False,False,,False,False,2026-08-05T11:43:58Z,Single-Family Home,1.0,True,2,https://offcampus.dasa.ncsu.edu/housing/property/room-in-house-on-okelly-st/tqbb2mb
ocp176ghy4,2325172,,Campus Crossings Raleigh,3101 Versatile Road,Raleigh,NC,27603,35.745552,-78.68826,Main Campus,200.0,865,865.0,$865,1,1,1 Bed,True,False,$865 /Bedroom,True,True,False,11 Month Lease,False,False,2026-08-10T02:28:25Z,Apartment Community,,True,4,https://offcampus.dasa.ncsu.edu/housing/property/campus-crossings-raleigh/ocp176ghy4
qcvpeqz,2319992,48v0fql,"1431 Collegiate Cir (Raleigh, NC)",1431 Collegiate Cir,Raleigh,NC,27606,35.76218,-78.69981,Main Campus,1.75,750,750.0,$750,1,1,1 Bed,False,False,$750,,False,False,,False,False,2026-08-07T18:03:42Z,Duplex,1.0,True,2,https://offcampus.dasa.ncsu.edu/housing/property/1431-collegiate-cir-raleigh-nc/qcvpeqz
ocpqe84m5z,956250,,"University Commons, close to Wolfline Stops",1501 Graduate Lane #201,Raleigh,NC,27606,35.77348,-78.690657,Main Campus,0.48,2500,2500.0,"$2,500",4,4,4 Beds,False,False,"$2,500",True,False,False,12 Month Lease,False,False,2026-06-26T11:52:34Z,Apartment Community,,True,11,https://offcampus.dasa.ncsu.edu/housing/property/university-commons-close-to-wolfline-stops/ocpqe84m5z
c1v4mzd,1138018,r2vkqz0,Room in House on Henslowe Dr,2824 Henslowe Dr,Raleigh,NC,27603,35.750496,-78.672966,Main Campus,2.77,650,650.0,$650,1,1,1 Bed,False,False,$650,,False,False,,False,False,2026-05-02T12:23:31Z,Single-Family Home,1.0,True,2,https://offcampus.dasa.ncsu.edu/housing/property/room-in-house-on-henslowe-dr/c1v4mzd
ocpx51p4tm,2003220,,Condo near NCSU,1220 University Court Apt #202,Raleigh,NC,27606,35.763552,-78.702984,Main Campus,1.77,800,800.0,$800,4,4,4 Beds,True,False,$800 /Bedroom,True,True,False,12 Month Lease,False,False,2026-03-14T20:58:45Z,Residential Condo Unit For Rent,,True,13,https://offcampus.dasa.ncsu.edu/housing/property/condo-near-ncsu/ocpx51p4tm
x5wd0zn,1586021,f6wt3zs,Room in House on Pineland Cir,129 Pineland Cir,Raleigh,NC,27606,35.788639,-78.709617,Main Campus,1.44,700,700.0,$700,1,1,1 Bed,False,False,$700,,False,False,,False,False,2026-08-03T11:24:23Z,Single-Family Home,1.0,True,2,https://offcampus.dasa.ncsu.edu/housing/property/room-in-house-on-pineland-cir/x5wd0zn
ocphdtdgk2,951728,,105 Friendly Drive! Furnished Room Rentals with Utilities!,105 Friendly Drive,Raleigh,NC,27607,35.789041,-78.675884,Main Campus,0.05,775,1050.0,"$775 - $1,050",2,4,2 - 4 Beds,True,False,"$778 - $1,055 /Bedroom",True,True,False,12 Month Lease,False,False,2026-07-09T15:06:28Z,Apartment Community,,True,8,https://offcampus.dasa.ncsu.edu/housing/property/105-friendly-drive-furnished-room-rentals-with-utilities/ocphdtdgk2
51px18q,2372539,p2pc28v,"1101 Gunnison Pl (Raleigh, NC)",1101 Gunnison Pl,Raleigh,NC,27609,35.847296,-78.653331,Main Campus,6.57,3200,3200.0,"$3,200",3,3,3 Beds,False,False,"$3,200",,False,False,,False,False,2026-08-19T13:47:08Z,Single-Family Home,1.0,True,2,https://offcampus.dasa.ncsu.edu/housing/property/1101-gunnison-pl-raleigh-nc/51px18q
ocpjxe9lb5,2289806,,Private House room listing,6508 Keystone Drive,Raleigh,NC,27612,35.869337,-78.656268,Main Campus,8.04,1000,1000.0,"$1,000",1,1,1 Bed,True,False,"$1,000 /Bedroom",True,True,False,6 Month Lease,False,False,2026-07-23T19:26:10Z,Single-Family Home,,True,1,https://offcampus.dasa.ncsu.edu/housing/property/private-house-room-listing/ocpjxe9lb5
6lbm6br,2044985,nhb25bm,"2810 Crestscene Trail (Raleigh, NC)",2810 Crestscene Trail,Raleigh,NC,27603,35.751168,-78.684513,Main Campus,2.74,2500,2500.0,"$2,500",3,3,3 Beds,False,False,"$2,500",,False,False,,False,False,2026-09-03T13:09:13Z,Townhome,1.0,True,2,https://offcampus.dasa.ncsu.edu/housing/property/2810-crestscene-trail-raleigh-nc/6lbm6br
ocp4lh373j,2370853,,"Hub Raleigh – 4x2 Lease Takeover, Available Now",111 Cox Avenue,Raleigh,NC,27605,35.785129,-78.66049,Main Campus,0.16,1199,1199.0,"$1,199",1,1,1 Bed,True,False,"$1,199 /Bedroom",True,True,True,5 Month Lease,False,False,2026-08-19T20:54:34Z,Apartment Community,,True,4,https://offcampus.dasa.ncsu.edu/housing/property/hub-raleigh-4x2-lease-takeover-available-now/ocp4lh373j
dnbdmqk,1150921,zpbtqqy,"2626 Wolf Cub Ct (Raleigh, NC)",2626 Wolf Cub Ct,Raleigh,NC,27603,35.74314,-78.682772,Main Campus,3.17,1895,1895.0,"$1,895",3,3,3 Beds,False,False,"$1,895",,False,False,,False,False,2026-08-18T16:28:34Z,Townhome,1.0,True,2,https://offcampus.dasa.ncsu.edu/housing/property/2626-wolf-cub-ct-raleigh-nc/dnbdmqk
ocp5cx5drn,2381109,,Valentine Commons,3009 ME Valentine Drive,Raleigh,NC,27607,35.788043,-78.677424,Main Campus,200.0,1000,1300.0,"$1,000 - $1,300",4,4,4 Beds,True,False,"$1,023 - $1,322 /Bedroom",True,True,False,12 Month Lease,False,False,2026-08-23T20:43:02Z,Apartment Community,,True,11,https://offcampus.dasa.ncsu.edu/housing/property/valentine-commons/ocp5cx5drn
teq7kh8,2319996,9fqjjh4,"1233 S Blount St (Raleigh, NC)",1233 S Blount St,Raleigh,NC,27601,35.765117,-78.637201,Main Campus,2.25,3800,3800.0,"$3,800",3,3,3 Beds,False,False,"$3,800",,False,False,,False,False,2026-08-07T18:03:58Z,Duplex,1.0,True,2,https://offcampus.dasa.ncsu.edu/housing/property/1233-s-blount-st-raleigh-nc/teq7kh8
ocpsgy1zk5,2168502,,Family Neighborhood with Greenway Access,1424 Crabtree Boulevard,Raleigh,NC,27610,35.799947,-78.600953,Main Campus,5.14,3000,3500.0,"$3,000 - $3,500",3,3,3 Beds,False,False,"$3,100 - $3,640",True,False,False,12 Month Lease,False,False,2026-06-06T02:48:44Z,Single-Family Home,,True,22,https://offcampus.dasa.ncsu.edu/housing/property/family-neighborhood-with-greenway-access/ocpsgy1zk5
se736e5,660524,bf7n5e9,College Inn,2717 Western Blvd,Raleigh,NC,27606,35.780547,-78.677473,Main Campus,0.12,859,1275.0,"$859 - $1,275",2,4,2 - 4 Beds,True,False,"$859 - $1,275 /Bedroom",,False,False,11 Month Lease,False,False,2026-08-12T07:22:29Z,Apartment Community,121.0,True,2,https://offcampus.dasa.ncsu.edu/housing/property/college-inn/se736e5
ocp0gch9g2,2268782,,"Quiet Furnished Room in Cary – Private Bath, Storage, Driveway Access, Near Bus 3",359 Roberts Ridge Drive,Cary,NC,27513,35.80786,-78.784612,Main Campus,6.37,950,950.0,$950,1,1,1 Bed,True,False,$950 /Bedroom,True,True,False,1 Month Lease,False,False,2026-07-13T21:32:31Z,Townhome,,True,2,https://offcampus.dasa.ncsu.edu/housing/property/quiet-furnished-room-in-cary-private-bath-storage-driveway-access-near-bus-3/ocp0gch9g2
r2tht53,1705127,c1t6s5g,Room in House on Tall Rock Ct,105 Tall Rock Ct,Raleigh,NC,27610,35.782077,-78.597471,Main Campus,6.92,900,900.0,$900,1,1,1 Bed,False,False,$900,,False,False,,False,False,2026-08-14T15:54:40Z,Single-Family Home,1.0,True,2,https://offcampus.dasa.ncsu.edu/housing/property/room-in-house-on-tall-rock-ct/r2tht53
ocp1ddchy6,1976712,,Village Green,2000 Village Bluff Place,Raleigh,NC,27603,35.75371,-78.66687,Main Campus,2.28,930,930.0,$930,1,1,1 Bed,True,False,$930 /Bedroom,True,True,True,7 Month Lease,False,False,2026-08-19T01:06:20Z,Apartment Community,,True,15,https://offcampus.dasa.ncsu.edu/housing/property/village-green/ocp1ddchy6
r66ecw0,1138019,c56v8wd,Room in Duplex on Bragg St,909 Bragg St,Raleigh,NC,27610,35.765736,-78.623853,Main Campus,3.1,640,640.0,$640,1,1,1 Bed,False,False,$640,,False,False,,False,False,2026-07-31T11:44:36Z,Townhome,1.0,True,2,https://offcampus.dasa.ncsu.edu/housing/property/room-in-duplex-on-bragg-st/r66ecw0
ocpmf8tflk,2240283,,St. Albans Lofts in North Hills,600 Saint Albans Drive,Raleigh,NC,27609,35.833976,-78.627217,Main Campus,5.4,1330,1330.0,"$1,330",0,0,Studio,False,False,"$1,445",True,False,True,5 Month Lease,False,False,2026-08-20T16:16:17Z,Apartment Community,,True,9,https://offcampus.dasa.ncsu.edu/housing/property/st-albans-lofts-in-north-hills/ocpmf8tflk
kf77vv8,1138013,1e7jrv4,Room in Condo on Collegiate Cir,1430 Collegiate Cir,Raleigh,NC,27606,35.761733,-78.700809,Main Campus,1.74,675,675.0,$675,1,1,1 Bed,False,False,$675,,False,False,,False,False,2026-08-15T13:53:44Z,Duplex,1.0,True,2,https://offcampus.dasa.ncsu.edu/housing/property/room-in-condo-on-collegiate-cir/kf77vv8
ocphycq162,2098190,,Cozy house 10 min walk to campus,,Raleigh,NC,27607,35.792829,-78.666357,Main Campus,0.64,1500,1500.0,"$1,500",1,1,1 Bed,True,False,"$1,500 /Bedroom",True,True,False,12 Month Lease,True,False,2026-09-01T13:31:19Z,Single-Family Home,,True,4,https://offcampus.dasa.ncsu.edu/housing/property/cozy-house-10-min-walk-to-campus/ocphycq162
hz5leg1,1502073,3w55fge,Room in Townhome on Ivory Run Way,2610 Ivory Run Way,Raleigh,NC,27603,35.744672,-78.68458,Main Campus,3.06,690,690.0,$690,1,1,1 Bed,False,False,$690,,False,False,,False,False,2026-08-18T17:40:43Z,Townhome,1.0,True,2,https://offcampus.dasa.ncsu.edu/housing/property/room-in-townhome-on-ivory-run-way/hz5leg1
ocpszqbd35,2399399,,Signature 1505 4X4 Apartment,1505 Hillsborough Street,Raleigh,NC,27605,35.783773,-78.658911,Main Campus,0.34,1230,1230.0,"$1,230",1,1,1 Bed,True,False,"$1,255 /Bedroom",True,True,True,7 Month Lease,False,False,2026-08-31T18:27:04Z,Apartment Community,,True,6,https://offcampus.dasa.ncsu.edu/housing/property/signature-1505-4x4-apartment/ocpszqbd35
ocpsq5c5s4,951520,,Lupton Flats- 2 Bedroom 1 Bathroom Flat Available Now! Pre Leasing for August 2026!,3818 Lupton Circle,Raleigh,NC,27606,35.776319,-78.689472,Main Campus,0.26,1295,1295.0,"$1,295",2,2,2 Beds,False,False,"$1,295",,False,False,12 Month Lease,False,False,2026-07-09T17:03:53Z,Apartment Community,,True,17,https://offcampus.dasa.ncsu.edu/housing/property/lupton-flats-2-bedroom-1-bathroom-flat-available-now-pre-leasing-for-august-2026/ocpsq5c5s4
ocpbnn75s8,1790476,,912 Chaney Rd. #100,912 Chaney Road #100,Raleigh,NC,27606,35.786705,-78.69549,Main Campus,0.48,2600,2600.0,"$2,600",4,4,4 Beds,False,False,"$2,650",True,False,False,12 Month Lease,False,False,2025-12-19T17:12:45Z,Duplex,,True,8,https://offcampus.dasa.ncsu.edu/housing/property/912-chaney-rd-100/ocpbnn75s8
jkg82q6,1206858,2jgy1qb,Room in House on Joyner Pl,4600 Joyner Pl,Raleigh,NC,27612,35.844878,-78.681951,Main Campus,5.58,700,700.0,$700,1,1,1 Bed,False,False,$700,,False,False,,False,False,2026-08-05T11:44:02Z,Single-Family Home,1.0,True,2,https://offcampus.dasa.ncsu.edu/housing/property/room-in-house-on-joyner-pl/jkg82q6
ocp2bnnl9c,2312147,,"Townhome at Hampton Place, Morrisville, 20 to 25 minutes from NCSU.",1204 Grenshaw Drive,Morrisville,NC,27560,35.831552,-78.830401,Main Campus,12.66,733,733.0,$733,1,1,1 Bed,True,False,$833 - $853 /Bedroom,True,True,False,9 Month Lease,False,False,2026-08-10T19:09:08Z,Townhome,,True,1,https://offcampus.dasa.ncsu.edu/housing/property/townhome-at-hampton-place-morrisville-20-to-25-minutes-from-ncsu/ocp2bnnl9c
gc0phpz,2405454,w800lpl,"591 E Cabarrus St (Raleigh, NC)",591 E Cabarrus St,Raleigh,NC,27601,35.77414,-78.62852,Main Campus,2.34,2600,2600.0,"$2,600",3,3,3 Beds,False,False,"$2,600",,False,False,,False,False,2026-09-03T13:08:48Z,Single-Family Home,1.0,True,2,https://offcampus.dasa.ncsu.edu/housing/property/591-e-cabarrus-st-raleigh-nc/gc0phpz
ocp0gblz91,1903110,,Great value in beautiful SW Raleigh,,Raleigh,NC,27606,35.747295,-78.729736,Main Campus,3.84,850,850.0,$850,1,1,1 Bed,True,False,$850 /Bedroom,True,True,False,1 Month Lease,True,False,2026-01-21T19:53:42Z,Townhome,,True,5,https://offcampus.dasa.ncsu.edu/housing/property/great-value-in-beautiful-sw-raleigh/ocp0gblz91
ocplp7c98d,969717,,Collegeview Apartments,1615 Collegeview Avenue,Raleigh,NC,27606,35.775174,-78.68629,Main Campus,0.34,1445,1545.0,"$1,445 - $1,545",2,2,2 Beds,False,False,"$1,445 - $1,545",,False,False,12 Month Lease,False,False,2026-07-09T16:36:56Z,Apartment Community,,True,6,https://offcampus.dasa.ncsu.edu/housing/property/collegeview-apartments/ocplp7c98d
ocpteqgjg8,2042940,,Huge modern studio suite- private entrance and beth- near NCSU,1201 Granada Drive,Raleigh,NC,27612,35.822478,-78.680244,Main Campus,2.75,1150,1150.0,"$1,150",1,1,1 Bed,False,False,"$1,150",True,False,False,1 Month Lease,False,False,2026-09-08T13:54:40Z,Single-Family Home,,True,5,https://offcampus.dasa.ncsu.edu/housing/property/huge-modern-studio-suite-private-entrance-and-beth-near-ncsu/ocpteqgjg8
33f756e,662317,h0fj661,University Village at 2505,2505 Red Lodge Pl,Raleigh,NC,27603,35.747318,-78.677292,Main Campus,3.21,799,799.0,$799,4,4,4 Beds,True,False,$799 /Bedroom,,False,False,11 Month Lease,False,False,2026-08-12T07:23:16Z,Apartment Community,72.0,True,2,https://offcampus.dasa.ncsu.edu/housing/property/university-village-at-2505/33f756e
ocphe602k0,2020864,,Apartment close to campus,2031 Wolfmill Drive 202,Raleigh,NC,27603,35.748959,-78.69618,Main Campus,2.24,1800,1800.0,"$1,800",3,3,3 Beds,False,False,"$1,800",True,True,False,12 Month Lease,False,False,2026-06-06T23:11:20Z,Apartment Community,,True,14,https://offcampus.dasa.ncsu.edu/housing/property/apartment-close-to-campus/ocphe602k0
zfenc9w,1137996,dee389h,Room in Condo on Wolfmill Dr,2010 Wolfmill Dr,Raleigh,NC,27603,35.749406,-78.696527,Main Campus,2.23,720,720.0,$720,1,1,1 Bed,False,False,$720,,False,False,,False,False,2026-07-29T12:19:03Z,Duplex,1.0,True,2,https://offcampus.dasa.ncsu.edu/housing/property/room-in-condo-on-wolfmill-dr/zfenc9w
ocpvv9069d,1797595,,912 Chaney Rd. #102,912 Chaney Road #102,Raleigh,NC,27606,35.786705,-78.69549,Main Campus,0.48,2600,2600.0,"$2,600",4,4,4 Beds,False,False,"$2,650",True,False,False,12 Month Lease,False,False,2025-12-19T17:13:09Z,Duplex,,True,8,https://offcampus.dasa.ncsu.edu/housing/property/912-chaney-rd-102/ocpvv9069d
49jmmdh,1138006,qbj2qdw,Room in Townhome on Haskell Dr,3016 Haskell Dr,Raleigh,NC,27610,35.738846,-78.629227,Main Campus,4.36,563,563.0,$563,1,1,1 Bed,False,False,$563,,False,False,,False,False,2026-08-15T13:53:47Z,Townhome,1.0,True,2,https://offcampus.dasa.ncsu.edu/housing/property/room-in-townhome-on-haskell-dr/49jmmdh
ocpn54lxfn,2053807,,3 bedroom home close to campus and downtown Raleigh(Utilities included),2308 Keith Drive,Raleigh,NC,27610,35.748395,-78.616584,Main Campus,5.02,2000,2000.0,"$2,000",3,3,3 Beds,False,False,"$2,000",True,False,False,12 Month Lease,False,False,2026-04-06T17:58:40Z,Duplex,,True,11,https://offcampus.dasa.ncsu.edu/housing/property/3-bedroom-home-close-to-campus-and-downtown-raleigh-utilities-included/ocpn54lxfn
wjt9dqk,1138017,gktzgqy,Room in Condo on University Ct,1241 University Ct,Raleigh,NC,27606,35.763601,-78.70304,Main Campus,1.77,650,650.0,$650,1,1,1 Bed,False,False,$650,,False,False,,False,False,2026-07-21T14:13:02Z,Duplex,1.0,True,2,https://offcampus.dasa.ncsu.edu/housing/property/room-in-condo-on-university-ct/wjt9dqk
ocpg8zsjmz,995434,,Flex Stay | Lux Furnished | 3 Bed |  Pets OK | Utilities Incl. | International OK,532 Brent Road,Raleigh,NC,27606,35.773384,-78.694331,Main Campus,0.76,2800,2800.0,"$2,800",3,3,3 Beds,False,False,"$2,800",True,False,False,1 Month Lease,False,False,2026-04-30T13:49:28Z,Duplex,,True,22,https://offcampus.dasa.ncsu.edu/housing/property/flex-stay-lux-furnished-3-bed-pets-ok-utilities-incl-international-ok/ocpg8zsjmz
bq6wzsb,2405669,sm6bws6,Room in House on Quartz Ct,2325 Quartz Ct,Raleigh,NC,27610,35.746499,-78.607758,Main Campus,5.55,685,685.0,$685,1,1,1 Bed,False,False,$685,,False,False,,False,False,2026-09-03T14:03:46Z,Single-Family Home,1.0,True,2,https://offcampus.dasa.ncsu.edu/housing/property/room-in-house-on-quartz-ct/bq6wzsb
ocp4t7wmxk,2382679,,University Oaks,1130 Carlton Avenue #303,Raleigh,NC,27606,35.782112,-78.689174,Main Campus,0.33,725,725.0,$725,3,3,3 Beds,True,False,$725 /Bedroom,True,True,False,12 Month Lease,False,False,2026-08-23T17:12:28Z,Apartment Community,,True,4,https://offcampus.dasa.ncsu.edu/housing/property/university-oaks/ocp4t7wmxk
z44390w,2008318,d74nb0h,Lofts at Lineberry,2531 Lineberry Dr,Raleigh,NC,27607,35.74926,-78.679092,Main Campus,122.47,0,,Call for Pricing,1,4,1 - 4 Beds,False,False,Call for Rent,,False,False,,False,False,2026-06-25T07:56:33Z,Apartment Community,6.0,True,2,https://offcampus.dasa.ncsu.edu/housing/property/lofts-at-lineberry/z44390w
ocp90bdzb4,1889317,,Brick Bungalow close to Campus,724 New Road,Raleigh,NC,27608,35.80608,-78.627592,Main Campus,2.81,1050,1050.0,"$1,050",1,1,1 Bed,True,False,"$1,050 /Bedroom",,True,False,1 Month Lease,False,False,2026-06-10T18:30:52Z,Single-Family Home,,True,14,https://offcampus.dasa.ncsu.edu/housing/property/brick-bungalow-close-to-campus/ocp90bdzb4
ocp9blcpd7,975190,,"Studio, One and Two Bedrooms at Westgrove Towers",4700 Westgrove Street,Raleigh,NC,27606,35.787608,-78.700346,Main Campus,1.06,805,1050.0,"$805 - $1,050",1,1,1 Bed,False,False,"$805 - $1,050",,False,False,12 Month Lease,False,False,2026-07-09T17:28:26Z,Apartment Community,,True,5,https://offcampus.dasa.ncsu.edu/housing/property/studio-one-and-two-bedrooms-at-westgrove-towers/ocp9blcpd7
ocpq99qjpx,1252096,,Apartment close to NCSU,1321 Crab Orchard Drive 201,Raleigh,NC,27606,35.762406,-78.702305,Main Campus,1.72,645,645.0,$645,1,1,1 Bed,True,False,$645 /Bedroom,,True,False,,False,False,2026-04-14T09:09:11Z,Apartment Community,,True,11,https://offcampus.dasa.ncsu.edu/housing/property/apartment-close-to-ncsu/ocpq99qjpx
gdtz0ww,2405455,wgt93wh,"3111 Kentish Town Ln (Raleigh, NC)",3111 Kentish Town Ln,Raleigh,NC,27612,35.825827,-78.702069,Main Campus,3.79,2700,2700.0,"$2,700",3,3,3 Beds,False,False,"$2,700",,False,False,,False,False,2026-09-03T13:08:51Z,Townhome,1.0,True,2,https://offcampus.dasa.ncsu.edu/housing/property/3111-kentish-town-ln-raleigh-nc/gdtz0ww
ocps6ymwl7,852305,,University Woods,1911 Wolf Tech Lane,Raleigh,NC,27603,35.750831,-78.695304,Main Campus,2.18,600,600.0,$600,1,1,1 Bed,True,False,$600 /Bedroom,,False,False,,False,False,2024-04-17T19:13:38Z,Residential Condo Unit For Rent,,True,5,https://offcampus.dasa.ncsu.edu/housing/property/university-woods/ocps6ymwl7
9m73sq5,1138004,tq7ntq9,Room in Townhome on Macedonia Lake Dr,8627 Macedonia Lake Dr,Cary,NC,27518,35.748332,-78.742572,Main Campus,4.73,800,800.0,$800,1,1,1 Bed,False,False,$800,,False,False,,False,False,2026-07-08T13:43:09Z,Townhome,1.0,True,2,https://offcampus.dasa.ncsu.edu/housing/property/room-in-townhome-on-macedonia-lake-dr/9m73sq5
ocpvgtpebg,852240,,Lake Park Condos- Room Rental with Utilities,1410 Collegiate Circle,Raleigh,NC,27606,35.762115,-78.701515,Main Campus,1.72,500,600.0,$500 - $600,1,1,1 Bed,True,False,$500 - $600 /Bedroom,,True,False,12 Month Lease,False,False,2026-02-15T22:07:36Z,Residential Condo Unit For Rent,,True,15,https://offcampus.dasa.ncsu.edu/housing/property/lake-park-condos-room-rental-with-utilities/ocpvgtpebg
5hme2mn,839821,plmv1ms,The Station Raleigh,4200 Trinity Rd,Raleigh,NC,27607,35.799954,-78.711159,Main Campus,2.13,749,1930.0,"$749 - $1,930",1,4,1 - 4 Beds,True,False,"$749 - $1,930 /Bedroom",,False,False,11 Month Lease,False,False,2026-08-18T07:31:17Z,Apartment Community,174.0,True,2,https://offcampus.dasa.ncsu.edu/housing/property/the-station-raleigh/5hme2mn
ocp1kxjde4,781958,,"Rent a WHOLE unit with water, electric, washer and dryer! 4 Bed 4 Bath! Lake Park Condos!",1410 Collegiate Circle,Raleigh,NC,27606,35.762115,-78.701515,Main Campus,1.72,2000,2000.0,"$2,000",4,4,4 Beds,False,False,"$2,000",,False,False,12 Month Lease,False,False,2026-02-15T22:14:10Z,Residential Condo Unit For Rent,,True,17,https://offcampus.dasa.ncsu.edu/housing/property/rent-a-whole-unit-with-water-electric-washer-and-dryer-4-bed-4-bath-lake-park-condos/ocp1kxjde4
lpl9fce,2405456,0nlzec1,"2850 Sanderford Rd (Raleigh, NC)",2850 Sanderford Rd,Raleigh,NC,27610,35.739414,-78.61236,Main Campus,5.86,650,650.0,$650,1,1,1 Bed,False,False,$650,,False,False,,False,False,2026-09-03T13:09:36Z,Single-Family Home,1.0,True,2,https://offcampus.dasa.ncsu.edu/housing/property/2850-sanderford-rd-raleigh-nc/lpl9fce
ocp706k96x,2240209,,Six Forks townhome,,Raleigh,NC,27615,35.872656,-78.646275,Main Campus,9.72,900,900.0,$900,1,1,1 Bed,True,False,$900 /Bedroom,,True,False,12 Month Lease,True,False,2026-08-25T13:49:46Z,Townhome,,True,2,https://offcampus.dasa.ncsu.edu/housing/property/six-forks-townhome/ocp706k96x
k8k3t7b,1326913,1ckns76,Room in House on Old Farm Rd,612 Old Farm Rd,Raleigh,NC,27606,35.774776,-78.735782,Main Campus,3.06,650,650.0,$650,1,1,1 Bed,False,False,$650,,False,False,,False,False,2026-08-12T17:59:56Z,Single-Family Home,1.0,True,2,https://offcampus.dasa.ncsu.edu/housing/property/room-in-house-on-old-farm-rd/k8k3t7b
ocpssgbbl7,2399437,,Inona Place,228 Spark Street,Raleigh,NC,27606,35.786004,-78.739121,Main Campus,3.55,1800,1800.0,"$1,800",3,3,3 Beds,False,False,"$1,800",,False,False,10 Month Lease,False,False,2026-08-31T23:42:16Z,Townhome,,True,11,https://offcampus.dasa.ncsu.edu/housing/property/inona-place/ocpssgbbl7
3zb9brd,1138000,hwbz9r0,Room in House on Slippery Elm Dr,3320 Slippery Elm Dr,Raleigh,NC,27610,35.739297,-78.598298,Main Campus,6.38,720,720.0,$720,1,1,1 Bed,False,False,$720,,False,False,,False,False,2026-08-12T17:59:50Z,Single-Family Home,1.0,True,2,https://offcampus.dasa.ncsu.edu/housing/property/room-in-house-on-slippery-elm-dr/3zb9brd
ocpd9wnxdk,2311576,,$3600 saving on 2*2 Sublet at Stanhope Apartment for NC STATE,3001 Hillsborough St,Raleigh,NC,27607,35.78914,-78.677661,Main Campus,0.15,550,550.0,$550,1,1,1 Bed,True,False,$550 /Bedroom,,True,False,12 Month Lease,False,False,2026-08-14T14:08:41Z,Apartment Community,,True,0,https://offcampus.dasa.ncsu.edu/housing/property/3600-saving-on-2-2-sublet-at-stanhope-apartment-for-nc-state/ocpd9wnxdk
0nhgh82,2389165,lphsl8f,Room in Condo on Carlton Ave,1120 Carlton Ave,Raleigh,NC,27606,35.783494,-78.688449,Main Campus,0.19,635,635.0,$635,1,1,1 Bed,False,False,$635,,False,False,,False,False,2026-08-27T14:08:15Z,Duplex,1.0,True,2,https://offcampus.dasa.ncsu.edu/housing/property/room-in-condo-on-carlton-ave/0nhgh82
ocp67ldb5s,2370264,,The Wilde,3333 Melrose Club Boulevard,Raleigh,NC,27603,35.751416,-78.692771,Main Campus,2.26,860,860.0,$860,1,1,1 Bed,True,False,$860 /Bedroom,,True,True,12 Month Lease,False,False,2026-08-18T18:18:00Z,Apartment Community,,True,5,https://offcampus.dasa.ncsu.edu/housing/property/the-wilde/ocp67ldb5s
w6v7z0h,1336169,g5vjw0w,Room in Condo on University Ct,1220 University Ct,Raleigh,NC,27606,35.763461,-78.703185,Main Campus,1.75,650,650.0,$650,1,1,1 Bed,False,False,$650,,False,False,,False,False,2026-07-15T14:43:45Z,Duplex,1.0,True,2,https://offcampus.dasa.ncsu.edu/housing/property/room-in-condo-on-university-ct/w6v7z0h
ocp0psn632,810251,,An apartments with 3 bed and 3 bath for NC State Students www.ncstudentsliving.com,2031 Wolfmill Drive Unit 204,Raleigh,NC,27603,35.748959,-78.69618,Main Campus,2.24,650,650.0,$650,3,3,3 Beds,True,False,$650 /Bedroom,,False,False,12 Month Lease,False,False,2025-10-29T02:33:12Z,Residential Condo Unit For Rent,,True,6,https://offcampus.dasa.ncsu.edu/housing/property/an-apartments-with-3-bed-and-3-bath-for-nc-state-students-www-ncstudentsliving-com/ocp0psn632
l1e6hxd,1564080,02ehlx0,"707 E Martin St (Raleigh, NC)",707 E Martin St,Raleigh,NC,27601,35.776606,-78.62745,Main Campus,2.35,2650,2650.0,"$2,650",3,3,3 Beds,False,False,"$2,650",,False,False,,False,False,2026-08-22T13:30:37Z,Single-Family Home,1.0,True,2,https://offcampus.dasa.ncsu.edu/housing/property/707-e-martin-st-raleigh-nc/l1e6hxd
ocpsqjgls7,1739235,,Cozy private apt,808 Edmund Street,Raleigh,NC,27604,35.793768,-78.620987,Main Campus,2.87,1595,1595.0,"$1,595",1,1,1 Bed,False,False,"$1,595",,False,False,12 Month Lease,False,False,2025-10-29T13:51:41Z,Apartment Community,,True,3,https://offcampus.dasa.ncsu.edu/housing/property/cozy-private-apt/ocpsqjgls7
y6ff3gt,1138001,e5fr0gp,Room in Condo on Trailwood Heights Ln,1901 Trailwood Heights Ln,Raleigh,NC,27603,35.75105,-78.68598,Main Campus,2.65,875,875.0,$875,1,1,1 Bed,False,False,$875,,False,False,,False,False,2026-08-12T17:59:50Z,Duplex,1.0,True,2,https://offcampus.dasa.ncsu.edu/housing/property/room-in-condo-on-trailwood-heights-ln/y6ff3gt
ocpk5yz73b,1735560,,Stanhope Student Apartments,3001 Hillsborough Street,Raleigh,NC,27607,35.78914,-78.677661,Main Campus,0.15,1300,1300.0,"$1,300",1,1,1 Bed,True,False,"$1,300 /Bedroom",,True,False,6 Month Lease,False,False,2025-10-26T18:46:46Z,Apartment Community,,True,2,https://offcampus.dasa.ncsu.edu/housing/property/stanhope-student-apartments/ocpk5yz73b
hp3tns3,2370236,3n3dpsg,Room in House on Ravel St,729 Ravel St,Raleigh,NC,27606,35.772749,-78.709713,Main Campus,1.82,600,600.0,$600,1,1,1 Bed,False,False,$600,,False,False,,False,False,2026-08-18T17:40:52Z,Single-Family Home,1.0,True,2,https://offcampus.dasa.ncsu.edu/housing/property/room-in-house-on-ravel-st/hp3tns3
ocp5lwrmvq,2397794,,"Convenient Kaplan Dr property near NCSU buses, park, grocery, with parking space & private bathroom",2012 Trexler Court,Raleigh,NC,27606,35.774772,-78.693057,Main Campus,0.7,675,675.0,$675,1,1,1 Bed,True,False,$675 /Bedroom,,True,True,12 Month Lease,False,False,2026-08-31T14:32:06Z,Townhome,,True,8,https://offcampus.dasa.ncsu.edu/housing/property/convenient-kaplan-dr-property-near-ncsu-buses-park-grocery-with-parking-space-and-private-bathroom/ocp5lwrmvq
ocpf3gzfct,2309658,,Champion Court Condo,2375 Champion Court,Raleigh,NC,27606,35.778144,-78.679261,Main Campus,0.0,1500,1500.0,"$1,500",2,2,2 Beds,False,False,"$1,500",,False,False,12 Month Lease,False,False,2026-08-04T19:59:43Z,Residential Condo Unit For Rent,,True,12,https://offcampus.dasa.ncsu.edu/housing/property/champion-court-condo/ocpf3gzfct
ocpvee4m9g,952740,,"Furnished 4 bed 3 baths Ranch House, walk to NCSU, free parking",,Raleigh,NC,27606,35.781248,-78.68822,Main Campus,0.2,2495,2495.0,"$2,495",4,4,4 Beds,False,False,"$2,495",,False,False,12 Month Lease,True,False,2026-05-07T19:01:04Z,Single-Family Home,,True,13,https://offcampus.dasa.ncsu.edu/housing/property/furnished-4-bed-3-baths-ranch-house-walk-to-ncsu-free-parking/ocpvee4m9g
ocpkrnvkk8,2384265,,The Hub Raleigh,111 Cox Avenue,Raleigh,NC,27605,35.785129,-78.66049,Main Campus,0.16,1500,1500.0,"$1,500",0,0,Studio,False,False,"$1,500",,False,False,12 Month Lease,False,False,2026-08-24T20:35:25Z,Apartment Community,,True,1,https://offcampus.dasa.ncsu.edu/housing/property/the-hub-raleigh/ocpkrnvkk8
ocpq292qyw,1785441,,1st Month FREE!,3000 Centennial Woods Drive Unit D,Raleigh,NC,27603,35.749033,-78.693983,Main Campus,2.26,625,625.0,$625,1,1,1 Bed,True,False,$625 /Bedroom,,True,False,6 Month Lease,False,False,2025-11-18T17:47:35Z,Apartment Community,,True,12,https://offcampus.dasa.ncsu.edu/housing/property/1st-month-free/ocpq292qyw
ocpqh8kxbz,2377874,,Falcon Ridge subdivision,2027 Trexler Court,Raleigh,NC,27606,35.775196,-78.693388,Main Campus,0.71,650,650.0,$650,1,1,1 Bed,True,False,$650 /Bedroom,,True,True,11 Month Lease,False,False,2026-08-21T22:56:31Z,Townhome,,True,3,https://offcampus.dasa.ncsu.edu/housing/property/falcon-ridge-subdivision/ocpqh8kxbz
ocpqfg7r3z,781956,,University Commons PRELEASING FOR 2026-2027,1521 Graduate Lane,Raleigh,NC,27606,35.772759,-78.69035,Main Campus,0.54,2200,2700.0,"$2,200 - $2,700",4,4,4 Beds,False,False,"$2,200 - $2,700",,False,False,12 Month Lease,False,False,2026-06-04T05:02:16Z,Residential Condo Unit For Rent,,True,6,https://offcampus.dasa.ncsu.edu/housing/property/university-commons-preleasing-for-2026-2027/ocpqfg7r3z
ocpqsb7fkz,2091142,,TWO BEDROOM TOWNHOUSE IN EXCELLENT CONDITION,2051 Trexler Court,Raleigh,NC,27606,35.774959,-78.693428,Main Campus,0.71,1550,1550.0,"$1,550",2,2,2 Beds,False,False,"$1,550",,False,False,12 Month Lease,False,False,2026-05-05T19:20:02Z,Townhome,,True,6,https://offcampus.dasa.ncsu.edu/housing/property/two-bedroom-townhouse-in-excellent-condition/ocpqsb7fkz
ocp8d9cwv0,1930889,,"Bright 2 BR, 2 BA unit in vibrant Person St district",710 North Person Street #202,Raleigh,NC,27604,35.789176,-78.634239,Main Campus,1.84,1950,1950.0,"$1,950",2,2,2 Beds,False,False,"$1,950",,False,False,12 Month Lease,False,False,2026-02-24T16:25:02Z,Residential Condo Unit For Rent,,True,23,https://offcampus.dasa.ncsu.edu/housing/property/bright-2-br-2-ba-unit-in-vibrant-person-st-district/ocp8d9cwv0
ocp9g1mkz6,2270352,,Stylish Studio Condo on NC State University Campus,2504 Avent Ferry Road APT 204,Raleigh,NC,27606,35.773862,-78.682798,Main Campus,0.18,1630,1630.0,"$1,630",2,2,2 Beds,False,False,"$1,630",,False,False,12 Month Lease,False,False,2026-07-14T14:07:03Z,Residential Condo Unit For Rent,,True,15,https://offcampus.dasa.ncsu.edu/housing/property/stylish-studio-condo-on-nc-state-university-campus/ocp9g1mkz6
ocpeg5yhcm,1113658,,Avery Close,2508 Avent Ferry Road,Raleigh,NC,27606,35.774037,-78.683011,Main Campus,0.19,1295,1650.0,"$1,295 - $1,650",2,2,2 Beds,False,False,"$1,295 - $1,650",,False,False,12 Month Lease,False,False,2026-07-09T16:49:36Z,Residential Condo Unit For Rent,,True,6,https://offcampus.dasa.ncsu.edu/housing/property/avery-close/ocpeg5yhcm
ocpsnmx4w4,2233761,,"""Avery Close "" condos room available across from Centennial Campus NCSU NC State Raleigh",2522 Avent Ferry Road Unit 201,Raleigh,NC,27606,35.774124,-78.682645,Main Campus,0.2,750,750.0,$750,1,1,1 Bed,True,False,$750 /Bedroom,,True,False,12 Month Lease,False,False,2026-07-08T21:32:23Z,Residential Condo Unit For Rent,,True,15,https://offcampus.dasa.ncsu.edu/housing/property/avery-close-condos-room-available-across-from-centennial-campus-ncsu-nc-state-raleigh/ocpsnmx4w4
ocp2k6k5g8,874531,,Furnished Room for Rent (Between Central and Centennial Campus),2327 Champion Court,Raleigh,NC,27606,35.777321,-78.67903,Main Campus,0.22,600,600.0,$600,1,1,1 Bed,True,False,$600 /Bedroom,,True,False,9 Month Lease,False,False,2026-08-16T04:15:57Z,Residential Condo Unit For Rent,,True,6,https://offcampus.dasa.ncsu.edu/housing/property/furnished-room-for-rent-between-central-and-centennial-campus/ocp2k6k5g8
