site_id,property_name,college_id,college_name,distance_miles,is_target
"kele8mc","Lofts at Lakeview","354","2610 Cates Avenue","24.29","false"
"kele8mc","Lofts at Lakeview","355","1070 Partners Way","27.65","false"
"kele8mc","Lofts at Lakeview","511","1060 William Moore Dr","22.14","true"
"ocpet5b7hm","Modern/High Ceilings 2bed/2 bath","354","2610 Cates Avenue","0.22","false"
"ocpet5b7hm","Modern/High Ceilings 2bed/2 bath","355","1070 Partners Way","0.88","false"
"ocpet5b7hm","Modern/High Ceilings 2bed/2 bath","511","1060 William Moore Dr","1.98","false"
"59xvx3n","Aventura RTP","354","2610 Cates Avenue","12.73","false"
"59xvx3n","Aventura RTP","355","1070 Partners Way","14.39","false"
"59xvx3n","Aventura RTP","511","1060 William Moore Dr","10.54","true"
"ocpvcjy8we","Rare 4 bedroom 4 full bath only $2200. per month","354","2610 Cates Avenue","1.8","false"
"ocpvcjy8we","Rare 4 bedroom 4 full bath only $2200. per month","355","1070 Partners Way","1.52","false"
"ocpvcjy8we","Rare 4 bedroom 4 full bath only $2200. per month","511","1060 William Moore Dr","3.02","false"
"7e6kx1w","Centennial Ridge Student Housing","354","2610 Cates Avenue","2.93","true"
"7e6kx1w","Centennial Ridge Student Housing","355","1070 Partners Way","6.6","false"
"7e6kx1w","Centennial Ridge Student Housing","511","1060 William Moore Dr","7.77","false"
"ocpw46rjcl","Brand New Luxury Furnished Townhome | 4 Bed /  3.5 Bath | 5 Min to NC State & 3 Mins to Fenton +shop","354","2610 Cates Avenue","5.25","false"
"ocpw46rjcl","Brand New Luxury Furnished Townhome | 4 Bed /  3.5 Bath | 5 Min to NC State & 3 Mins to Fenton +shop","355","1070 Partners Way","5.11","false"
"ocpw46rjcl","Brand New Luxury Furnished Townhome | 4 Bed /  3.5 Bath | 5 Min to NC State & 3 Mins to Fenton +shop","511","1060 William Moore Dr","2.71","false"
"mc0h4yh","The Reserve at Patterson Place","354","2610 Cates Avenue","24.36","false"
"mc0h4yh","The Reserve at Patterson Place","355","1070 Partners Way","27.69","false"
"mc0h4yh","The Reserve at Patterson Place","511","1060 William Moore Dr","22.17","true"
"ocpchygggd","Hurry 2 Rooms Left! – 4BR/4BA Condo Near NC State  – All Utilities & Internet Included!","354","2610 Cates Avenue","2.22","false"
"ocpchygggd","Hurry 2 Rooms Left! – 4BR/4BA Condo Near NC State  – All Utilities & Internet Included!","355","1070 Partners Way","0.85","false"
"ocpchygggd","Hurry 2 Rooms Left! – 4BR/4BA Condo Near NC State  – All Utilities & Internet Included!","511","1060 William Moore Dr","5.08","false"
"es0855q","Maxwell Raleigh","354","2610 Cates Avenue","0.18","true"
"es0855q","Maxwell Raleigh","355","1070 Partners Way","1.24","false"
"es0855q","Maxwell Raleigh","511","1060 William Moore Dr","1.35","false"
"ocpesl9n3p","maisonNC --- Fully Furnished minutes away from Wolfline and Shopping","354","2610 Cates Avenue","1.73","false"
"ocpesl9n3p","maisonNC --- Fully Furnished minutes away from Wolfline and Shopping","355","1070 Partners Way","1.1","false"
"ocpesl9n3p","maisonNC --- Fully Furnished minutes away from Wolfline and Shopping","511","1060 William Moore Dr","3.06","false"
"lvqgnje","Trellis-University Hill","354","2610 Cates Avenue","26.39","false"
"lvqgnje","Trellis-University Hill","355","1070 Partners Way","29.75","false"
"lvqgnje","Trellis-University Hill","511","1060 William Moore Dr","24.23","true"
"ocpcm3jede","maisonNC --- Fully Furnished minutes away from Wolfline and Shopping","354","2610 Cates Avenue","1.66","false"
"ocpcm3jede","maisonNC --- Fully Furnished minutes away from Wolfline and Shopping","355","1070 Partners Way","1.1","false"
"ocpcm3jede","maisonNC --- Fully Furnished minutes away from Wolfline and Shopping","511","1060 William Moore Dr","3.13","false"
"seyb987","Wesley","354","2610 Cates Avenue","4.29","false"
"seyb987","Wesley","355","1070 Partners Way","3.7","true"
"seyb987","Wesley","511","1060 William Moore Dr","2.93","false"
"ocpnx5c0kn","Modern & spacious 3BR/3BA Apartment w/View","354","2610 Cates Avenue","0.26","false"
"ocpnx5c0kn","Modern & spacious 3BR/3BA Apartment w/View","355","1070 Partners Way","0.92","false"
"ocpnx5c0kn","Modern & spacious 3BR/3BA Apartment w/View","511","1060 William Moore Dr","2.04","false"
"ll5gb9f","Rhyne's Gate Apartments","354","2610 Cates Avenue","0.2","true"
"ll5gb9f","Rhyne's Gate Apartments","355","1070 Partners Way","0.82","false"
"ll5gb9f","Rhyne's Gate Apartments","511","1060 William Moore Dr","1.56","false"
"ocp5ey2bmq","Furnished Studio/ADU | Olde Raleigh | Parking | Fast Wi-Fi","354","2610 Cates Avenue","9.08","false"
"ocp5ey2bmq","Furnished Studio/ADU | Olde Raleigh | Parking | Fast Wi-Fi","355","1070 Partners Way","10.9","false"
"ocp5ey2bmq","Furnished Studio/ADU | Olde Raleigh | Parking | Fast Wi-Fi","511","1060 William Moore Dr","7.66","false"
"70rqkwy","Brook Hill Townhouse - Students Save Up to 10%","354","2610 Cates Avenue","3.46","true"
"70rqkwy","Brook Hill Townhouse - Students Save Up to 10%","355","1070 Partners Way","3.72","false"
"70rqkwy","Brook Hill Townhouse - Students Save Up to 10%","511","1060 William Moore Dr","2.71","false"
"ocpjeweyz6","All Girls Unit - Room with Private Bathroom at  University Woods at Centennial Condominiums","354","2610 Cates Avenue","2.22","false"
"ocpjeweyz6","All Girls Unit - Room with Private Bathroom at  University Woods at Centennial Condominiums","355","1070 Partners Way","0.85","false"
"ocpjeweyz6","All Girls Unit - Room with Private Bathroom at  University Woods at Centennial Condominiums","511","1060 William Moore Dr","5.08","false"
"0smdl31","Paloma Raleigh","354","2610 Cates Avenue","2.28","true"
"0smdl31","Paloma Raleigh","355","1070 Partners Way","2.69","false"
"0smdl31","Paloma Raleigh","511","1060 William Moore Dr","1.58","false"
"ocppjxdd3r","Collegeview Duplex--Brand New Luxury Housing within walking distance to NCSU","354","2610 Cates Avenue","0.26","false"
"ocppjxdd3r","Collegeview Duplex--Brand New Luxury Housing within walking distance to NCSU","355","1070 Partners Way","0.49","false"
"ocppjxdd3r","Collegeview Duplex--Brand New Luxury Housing within walking distance to NCSU","511","1060 William Moore Dr","2.12","false"
"hgdd8s0","Lantower Bullhouse","354","2610 Cates Avenue","21.13","false"
"hgdd8s0","Lantower Bullhouse","355","1070 Partners Way","24.5","false"
"hgdd8s0","Lantower Bullhouse","511","1060 William Moore Dr","18.98","true"
"ocpe1n95cm","Big Promotion w/best price ever. Move in Immediately . MarcomTowns. Great location nice","354","2610 Cates Avenue","0.09","false"
"ocpe1n95cm","Big Promotion w/best price ever. Move in Immediately . MarcomTowns. Great location nice","355","1070 Partners Way","0.44","false"
"ocpe1n95cm","Big Promotion w/best price ever. Move in Immediately . MarcomTowns. Great location nice","511","1060 William Moore Dr","1.92","false"
"p8mlexs","Valentine Commons","354","2610 Cates Avenue","0.01","true"
"p8mlexs","Valentine Commons","355","1070 Partners Way","1.09","false"
"p8mlexs","Valentine Commons","511","1060 William Moore Dr","1.47","false"
"ocp2evl6hb","University Oaks -","354","2610 Cates Avenue","0.24","false"
"ocp2evl6hb","University Oaks -","355","1070 Partners Way","0.81","false"
"ocp2evl6hb","University Oaks -","511","1060 William Moore Dr","1.6","false"
"fgrbwjv","Stanhope","354","2610 Cates Avenue","0.05","true"
"fgrbwjv","Stanhope","355","1070 Partners Way","1.21","false"
"fgrbwjv","Stanhope","511","1060 William Moore Dr","1.39","false"
"ocpvlydr3e","Reavis ---Brand New Luxury Housing within walking distance to NCSU","354","2610 Cates Avenue","0.32","false"
"ocpvlydr3e","Reavis ---Brand New Luxury Housing within walking distance to NCSU","355","1070 Partners Way","1.33","false"
"ocpvlydr3e","Reavis ---Brand New Luxury Housing within walking distance to NCSU","511","1060 William Moore Dr","1.31","false"
"86fjg60","HeyDay Raleigh","354","2610 Cates Avenue","0","true"
"86fjg60","HeyDay Raleigh","355","1070 Partners Way","1.11","false"
"86fjg60","HeyDay Raleigh","511","1060 William Moore Dr","1.49","false"
"ocpxdxd79p","4BR/4BA Condo| On Wolfline | Preleasing 27-28 Special $850 Util/Parking Incld | Mile to Campus","354","2610 Cates Avenue","0.5","false"
"ocpxdxd79p","4BR/4BA Condo| On Wolfline | Preleasing 27-28 Special $850 Util/Parking Incld | Mile to Campus","355","1070 Partners Way","0.66","false"
"ocpxdxd79p","4BR/4BA Condo| On Wolfline | Preleasing 27-28 Special $850 Util/Parking Incld | Mile to Campus","511","1060 William Moore Dr","2.29","false"
"9de4we5","LYV Woodcroft at Southpoint","354","2610 Cates Avenue","19.38","false"
"9de4we5","LYV Woodcroft at Southpoint","355","1070 Partners Way","22.74","false"
"9de4we5","LYV Woodcroft at Southpoint","511","1060 William Moore Dr","17.22","true"
"ocpm68s5sh","Burt Drive Townhouses---Brand New Luxury Housing within walking distance to NCSU","354","2610 Cates Avenue","0.29","false"
"ocpm68s5sh","Burt Drive Townhouses---Brand New Luxury Housing within walking distance to NCSU","355","1070 Partners Way","0.4","false"
"ocpm68s5sh","Burt Drive Townhouses---Brand New Luxury Housing within walking distance to NCSU","511","1060 William Moore Dr","2.15","false"
"gky0hgw","Willow Bend Apartments","354","2610 Cates Avenue","22.93","false"
"gky0hgw","Willow Bend Apartments","355","1070 Partners Way","26.26","false"
"gky0hgw","Willow Bend Apartments","511","1060 William Moore Dr","20.74","true"
"ocpd8x87kh","New Construction: 4 Bed 4.5 Bath Townhomes","354","2610 Cates Avenue","0.24","false"
"ocpd8x87kh","New Construction: 4 Bed 4.5 Bath Townhomes","355","1070 Partners Way","0.76","false"
"ocpd8x87kh","New Construction: 4 Bed 4.5 Bath Townhomes","511","1060 William Moore Dr","2.04","false"
"v534e5d","Kensington Park","354","2610 Cates Avenue","0.48","false"
"v534e5d","Kensington Park","355","1070 Partners Way","0.09","true"
"v534e5d","Kensington Park","511","1060 William Moore Dr","2.54","false"
"ocp913l1z6","** WAITLIST for 2026-2027 ** 4 Bedroom, 4.5 Bathroom Unit Near NCSU Campus and Cup A Joe","354","2610 Cates Avenue","0.3","false"
"ocp913l1z6","** WAITLIST for 2026-2027 ** 4 Bedroom, 4.5 Bathroom Unit Near NCSU Campus and Cup A Joe","355","1070 Partners Way","1.35","false"
"ocp913l1z6","** WAITLIST for 2026-2027 ** 4 Bedroom, 4.5 Bathroom Unit Near NCSU Campus and Cup A Joe","511","1060 William Moore Dr","1.42","false"
"0zm5l03","616 at the Village","354","2610 Cates Avenue","0.67","true"
"0zm5l03","616 at the Village","355","1070 Partners Way","1.37","false"
"0zm5l03","616 at the Village","511","1060 William Moore Dr","3.42","false"
"ocp2k0px98","Liberty station male only townhome- 5 miles from Centennial","354","2610 Cates Avenue","5.44","false"
"ocp2k0px98","Liberty station male only townhome- 5 miles from Centennial","355","1070 Partners Way","3.02","false"
"ocp2k0px98","Liberty station male only townhome- 5 miles from Centennial","511","1060 William Moore Dr","7.44","false"
"z8cfdjw","Campus Crossings Raleigh","354","2610 Cates Avenue","2.96","true"
"z8cfdjw","Campus Crossings Raleigh","355","1070 Partners Way","6.62","false"
"z8cfdjw","Campus Crossings Raleigh","511","1060 William Moore Dr","7.28","false"
"ocp6mp93ms","Newly Renovated - All Girls Unit Room with Private Bathroom","354","2610 Cates Avenue","2.19","false"
"ocp6mp93ms","Newly Renovated - All Girls Unit Room with Private Bathroom","355","1070 Partners Way","0.92","false"
"ocp6mp93ms","Newly Renovated - All Girls Unit Room with Private Bathroom","511","1060 William Moore Dr","5.26","false"
"75medjw","Brickside","354","2610 Cates Avenue","0.38","true"
"75medjw","Brickside","355","1070 Partners Way","1.19","false"
"75medjw","Brickside","511","1060 William Moore Dr","1.77","false"
"ocp6wsb4yt","We have 1 bedroom open In a luxury 5 bed 5 full bath house 1/1/27-6/30/27","354","2610 Cates Avenue","1.3","false"
"ocp6wsb4yt","We have 1 bedroom open In a luxury 5 bed 5 full bath house 1/1/27-6/30/27","355","1070 Partners Way","2.16","false"
"ocp6wsb4yt","We have 1 bedroom open In a luxury 5 bed 5 full bath house 1/1/27-6/30/27","511","1060 William Moore Dr","1.12","false"
"tv2h1cb","Gorman Crossings","354","2610 Cates Avenue","0.78","false"
"tv2h1cb","Gorman Crossings","355","1070 Partners Way","0.17","true"
"tv2h1cb","Gorman Crossings","511","1060 William Moore Dr","2.39","false"
"ocpbp1v5c9","Prime ITB location one block off Ridge Road","354","2610 Cates Avenue","1.14","false"
"ocpbp1v5c9","Prime ITB location one block off Ridge Road","355","1070 Partners Way","2.58","false"
"ocpbp1v5c9","Prime ITB location one block off Ridge Road","511","1060 William Moore Dr","1.21","false"
"5x5ph7m","Redpoint Raleigh","354","2610 Cates Avenue","2.38","false"
"5x5ph7m","Redpoint Raleigh","355","1070 Partners Way","2.79","false"
"5x5ph7m","Redpoint Raleigh","511","1060 William Moore Dr","1.61","true"
"ocp5z7c91m","$300 off 1st month's rent! Spacious 3BD/2.5BA Townhome Rental available near NCSU for fall semester!","354","2610 Cates Avenue","0.87","false"
"ocp5z7c91m","$300 off 1st month's rent! Spacious 3BD/2.5BA Townhome Rental available near NCSU for fall semester!","355","1070 Partners Way","0.53","false"
"ocp5z7c91m","$300 off 1st month's rent! Spacious 3BD/2.5BA Townhome Rental available near NCSU for fall semester!","511","1060 William Moore Dr","2.48","false"
"syvz9l4","The Wilde","354","2610 Cates Avenue","2.25","true"
"syvz9l4","The Wilde","355","1070 Partners Way","6.49","false"
"syvz9l4","The Wilde","511","1060 William Moore Dr","5.18","false"
"ocph8n0fc0","Affordable Student Housing 1 Block from Campus on Wolf Line","354","2610 Cates Avenue","0.24","false"
"ocph8n0fc0","Affordable Student Housing 1 Block from Campus on Wolf Line","355","1070 Partners Way","0.81","false"
"ocph8n0fc0","Affordable Student Housing 1 Block from Campus on Wolf Line","511","1060 William Moore Dr","1.61","false"
"61y0ywr","Hub Raleigh","354","2610 Cates Avenue","0.24","true"
"61y0ywr","Hub Raleigh","355","1070 Partners Way","0.96","false"
"61y0ywr","Hub Raleigh","511","1060 William Moore Dr","2.41","false"
"ocp1tnqde5","2 blocks from central campus, 2 blocks from Village District!","354","2610 Cates Avenue","0.24","false"
"ocp1tnqde5","2 blocks from central campus, 2 blocks from Village District!","355","1070 Partners Way","0.93","false"
"ocp1tnqde5","2 blocks from central campus, 2 blocks from Village District!","511","1060 William Moore Dr","2.21","false"
"dw0f7sh","Campus Edge","354","2610 Cates Avenue","2.11","false"
"dw0f7sh","Campus Edge","355","1070 Partners Way","0","true"
"dw0f7sh","Campus Edge","511","1060 William Moore Dr","3.95","false"
"ocp85fz0j3","Brand-New 4BR Townhomes - Eight at State","354","2610 Cates Avenue","0.36","false"
"ocp85fz0j3","Brand-New 4BR Townhomes - Eight at State","355","1070 Partners Way","1.39","false"
"ocp85fz0j3","Brand-New 4BR Townhomes - Eight at State","511","1060 William Moore Dr","1.35","false"
"zfcjzqy","Yugo Raleigh Logan","354","2610 Cates Avenue","0.27","true"
"zfcjzqy","Yugo Raleigh Logan","355","1070 Partners Way","0.94","false"
"zfcjzqy","Yugo Raleigh Logan","511","1060 William Moore Dr","2.11","false"
"ocpx3vt61n","FURNISHED NCSU STUDENT HOUSING – TOWNHOME ROOM RENTAL WITH PRIVATE BATHROOM ($850/room)","354","2610 Cates Avenue","2.1","false"
"ocpx3vt61n","FURNISHED NCSU STUDENT HOUSING – TOWNHOME ROOM RENTAL WITH PRIVATE BATHROOM ($850/room)","355","1070 Partners Way","2.54","false"
"ocpx3vt61n","FURNISHED NCSU STUDENT HOUSING – TOWNHOME ROOM RENTAL WITH PRIVATE BATHROOM ($850/room)","511","1060 William Moore Dr","1.4","false"
"9rxe6j6","The Dakota","354","2610 Cates Avenue","3.15","true"
"9rxe6j6","The Dakota","355","1070 Partners Way","3.85","false"
"9rxe6j6","The Dakota","511","1060 William Moore Dr","1.84","false"
"ocp5km4x4p","Private Townhome in North Raleigh","354","2610 Cates Avenue","7.22","false"
"ocp5km4x4p","Private Townhome in North Raleigh","355","1070 Partners Way","9.13","false"
"ocp5km4x4p","Private Townhome in North Raleigh","511","1060 William Moore Dr","7.41","false"
"xr4rsmq","Pine Knoll Apartments","354","2610 Cates Avenue","0.17","false"
"xr4rsmq","Pine Knoll Apartments","355","1070 Partners Way","0","true"
"xr4rsmq","Pine Knoll Apartments","511","1060 William Moore Dr","2.42","false"
"ocpwwwe8yh","FURNISHED TOWNHOME RENTAL – 10 Mins to NCSU - 3 Bedroom - starting $750 per room","354","2610 Cates Avenue","4.37","false"
"ocpwwwe8yh","FURNISHED TOWNHOME RENTAL – 10 Mins to NCSU - 3 Bedroom - starting $750 per room","355","1070 Partners Way","2.99","false"
"ocpwwwe8yh","FURNISHED TOWNHOME RENTAL – 10 Mins to NCSU - 3 Bedroom - starting $750 per room","511","1060 William Moore Dr","7.94","false"
"5je4q3n","Signature 1505","354","2610 Cates Avenue","0.34","true"
"5je4q3n","Signature 1505","355","1070 Partners Way","1.05","false"
"5je4q3n","Signature 1505","511","1060 William Moore Dr","2.51","false"
"ocptf3fhqb","Spacious 2BD/1BA apartment available 08/01/26- 1 block from the NCSU McKimmon Center!","354","2610 Cates Avenue","0.21","false"
"ocptf3fhqb","Spacious 2BD/1BA apartment available 08/01/26- 1 block from the NCSU McKimmon Center!","355","1070 Partners Way","0.71","false"
"ocptf3fhqb","Spacious 2BD/1BA apartment available 08/01/26- 1 block from the NCSU McKimmon Center!","511","1060 William Moore Dr","1.7","false"
"h2l8mh2","Redfield Villages","354","2610 Cates Avenue","0.06","true"
"h2l8mh2","Redfield Villages","355","1070 Partners Way","1.21","false"
"h2l8mh2","Redfield Villages","511","1060 William Moore Dr","1.34","false"
"ocpthnbmc9","Luxury 4 Bedroom 4 Full Bath w free parking, 1 gig internet included. 2027-2028 School yea","354","2610 Cates Avenue","0.13","false"
"ocpthnbmc9","Luxury 4 Bedroom 4 Full Bath w free parking, 1 gig internet included. 2027-2028 School yea","355","1070 Partners Way","0.56","false"
"ocpthnbmc9","Luxury 4 Bedroom 4 Full Bath w free parking, 1 gig internet included. 2027-2028 School yea","511","1060 William Moore Dr","1.93","false"
"vw4rv9e","Signature at Varsity","354","2610 Cates Avenue","0.1","true"
"vw4rv9e","Signature at Varsity","355","1070 Partners Way","0.28","false"
"vw4rv9e","Signature at Varsity","511","1060 William Moore Dr","2.01","false"
"ocp8c26c92","Fully Furnished 3BR Townhome Steps from Lake Johnson","354","2610 Cates Avenue","1.88","false"
"ocp8c26c92","Fully Furnished 3BR Townhome Steps from Lake Johnson","355","1070 Partners Way","1.33","false"
"ocp8c26c92","Fully Furnished 3BR Townhome Steps from Lake Johnson","511","1060 William Moore Dr","3.01","false"
"rf696l2","Madison Hunters Glen","354","2610 Cates Avenue","1.91","false"
"rf696l2","Madison Hunters Glen","355","1070 Partners Way","2.37","false"
"rf696l2","Madison Hunters Glen","511","1060 William Moore Dr","1.22","true"
"ocpszex2v4","Spacious bedroom with private bath in 2BR townhome – 5 minutes to NC State","354","2610 Cates Avenue","0.93","false"
"ocpszex2v4","Spacious bedroom with private bath in 2BR townhome – 5 minutes to NC State","355","1070 Partners Way","1.1","false"
"ocpszex2v4","Spacious bedroom with private bath in 2BR townhome – 5 minutes to NC State","511","1060 William Moore Dr","2.13","false"
"6mnn0qr","Live on Hillsborough","354","2610 Cates Avenue","0.09","true"
"6mnn0qr","Live on Hillsborough","355","1070 Partners Way","1.11","false"
"6mnn0qr","Live on Hillsborough","511","1060 William Moore Dr","1.53","false"
"ocp74dcp6w","Crabtree Woods Townhome West Raleigh","354","2610 Cates Avenue","5.41","false"
"ocp74dcp6w","Crabtree Woods Townhome West Raleigh","355","1070 Partners Way","7.32","false"
"ocp74dcp6w","Crabtree Woods Townhome West Raleigh","511","1060 William Moore Dr","5.6","false"
"nhblm0q","Viceroy Apartments","354","2610 Cates Avenue","22.48","false"
"nhblm0q","Viceroy Apartments","355","1070 Partners Way","25.81","false"
"nhblm0q","Viceroy Apartments","511","1060 William Moore Dr","20.29","true"
"ocpkb0kbhb","Great Location - Connected to Centennial Campus","354","2610 Cates Avenue","0.48","false"
"ocpkb0kbhb","Great Location - Connected to Centennial Campus","355","1070 Partners Way","0","false"
"ocpkb0kbhb","Great Location - Connected to Centennial Campus","511","1060 William Moore Dr","2.64","false"
"jjs8f07","Village Green Student Housing","354","2610 Cates Avenue","2.49","false"
"jjs8f07","Village Green Student Housing","355","1070 Partners Way","0.36","true"
"jjs8f07","Village Green Student Housing","511","1060 William Moore Dr","5.53","false"
"ocpjh4j574","4BD/3.5BA townhome near NCSU & Downtown Raleigh available August 2026!","354","2610 Cates Avenue","0.86","false"
"ocpjh4j574","4BD/3.5BA townhome near NCSU & Downtown Raleigh available August 2026!","355","1070 Partners Way","1.03","false"
"ocpjh4j574","4BD/3.5BA townhome near NCSU & Downtown Raleigh available August 2026!","511","1060 William Moore Dr","2.05","false"
"8gchf40","The Hillsborough","354","2610 Cates Avenue","0.21","true"
"8gchf40","The Hillsborough","355","1070 Partners Way","0.91","false"
"8gchf40","The Hillsborough","511","1060 William Moore Dr","2.02","false"
"ocp032vj21","5 bedroom 5 full Bath luxury house with 1Gig AT&T Fiber and 1 free parking space per bedroom","354","2610 Cates Avenue","1.21","false"
"ocp032vj21","5 bedroom 5 full Bath luxury house with 1Gig AT&T Fiber and 1 free parking space per bedroom","355","1070 Partners Way","2.14","false"
"ocp032vj21","5 bedroom 5 full Bath luxury house with 1Gig AT&T Fiber and 1 free parking space per bedroom","511","1060 William Moore Dr","1.12","false"
"0pm7tt3","Campus West at Tryon","354","2610 Cates Avenue","2.8","false"
"0pm7tt3","Campus West at Tryon","355","1070 Partners Way","1.61","true"
"0pm7tt3","Campus West at Tryon","511","1060 William Moore Dr","3.65","false"
"ocpbhbkvy9","Voyager House","354","2610 Cates Avenue","3.14","false"
"ocpbhbkvy9","Voyager House","355","1070 Partners Way","1.01","false"
"ocpbhbkvy9","Voyager House","511","1060 William Moore Dr","5.58","false"
"e13mz5m","University Suites Student Housing","354","2610 Cates Avenue","2.37","true"
"e13mz5m","University Suites Student Housing","355","1070 Partners Way","6.27","false"
"e13mz5m","University Suites Student Housing","511","1060 William Moore Dr","7.47","false"
"ocpepvxvln","Village Green Student Living","354","2610 Cates Avenue","2.28","false"
"ocpepvxvln","Village Green Student Living","355","1070 Partners Way","0.27","false"
"ocpepvxvln","Village Green Student Living","511","1060 William Moore Dr","5.5","false"
"ocpjpg1817","Gorman Street Village PRE-LEASING for 2026! 3Bed 3Bath w/ Utilities! Upgraded Units Available!","354","2610 Cates Avenue","0.23","false"
"ocpjpg1817","Gorman Street Village PRE-LEASING for 2026! 3Bed 3Bath w/ Utilities! Upgraded Units Available!","355","1070 Partners Way","0.61","false"
"ocpjpg1817","Gorman Street Village PRE-LEASING for 2026! 3Bed 3Bath w/ Utilities! Upgraded Units Available!","511","1060 William Moore Dr","2.04","false"
"ocpgxr290w","Spacious Forest Park Two-Room Suite + Private Bath - Walk to Campus (Includes Utilities)","354","2610 Cates Avenue","0.59","false"
"ocpgxr290w","Spacious Forest Park Two-Room Suite + Private Bath - Walk to Campus (Includes Utilities)","355","1070 Partners Way","1.31","false"
"ocpgxr290w","Spacious Forest Park Two-Room Suite + Private Bath - Walk to Campus (Includes Utilities)","511","1060 William Moore Dr","2.82","false"
"ocpb48f058","Now Pre-Leasing for August 2026! 1 and 3 Bedrooms with Utilities! Marcom St Apartments!","354","2610 Cates Avenue","0.15","false"
"ocpb48f058","Now Pre-Leasing for August 2026! 1 and 3 Bedrooms with Utilities! Marcom St Apartments!","355","1070 Partners Way","0.66","false"
"ocpb48f058","Now Pre-Leasing for August 2026! 1 and 3 Bedrooms with Utilities! Marcom St Apartments!","511","1060 William Moore Dr","1.98","false"
"ocpsd8dpj6","Spacious En-suite with private patio and garage parking in Crescent Ridge Townhome Community","354","2610 Cates Avenue","2.93","false"
"ocpsd8dpj6","Spacious En-suite with private patio and garage parking in Crescent Ridge Townhome Community","355","1070 Partners Way","0.9","false"
"ocpsd8dpj6","Spacious En-suite with private patio and garage parking in Crescent Ridge Townhome Community","511","1060 William Moore Dr","7.84","false"
"xcp87fm","Tryon Flats Apartments","354","2610 Cates Avenue","3.48","false"
"xcp87fm","Tryon Flats Apartments","355","1070 Partners Way","1.6","true"
"xcp87fm","Tryon Flats Apartments","511","1060 William Moore Dr","8.63","false"
"ocpsq86tm4","4bed 4bath Apartment Near Centennial Campus","354","2610 Cates Avenue","1.65","false"
"ocpsq86tm4","4bed 4bath Apartment Near Centennial Campus","355","1070 Partners Way","1.08","false"
"ocpsq86tm4","4bed 4bath Apartment Near Centennial Campus","511","1060 William Moore Dr","3.13","false"
"35cz5ed","644 Coleman St (Raleigh, NC)","354","2610 Cates Avenue","2.96","true"
"35cz5ed","644 Coleman St (Raleigh, NC)","355","1070 Partners Way","2.75","false"
"35cz5ed","644 Coleman St (Raleigh, NC)","511","1060 William Moore Dr","6.12","false"
"ocp2gxtxqc","The Station","354","2610 Cates Avenue","2","false"
"ocp2gxtxqc","The Station","355","1070 Partners Way","3.39","false"
"ocp2gxtxqc","The Station","511","1060 William Moore Dr","0.26","false"
"pxc3rhs","Room in Condo on Crab Orchard Dr","354","2610 Cates Avenue","1.75","false"
"pxc3rhs","Room in Condo on Crab Orchard Dr","355","1070 Partners Way","0.73","true"
"pxc3rhs","Room in Condo on Crab Orchard Dr","511","1060 William Moore Dr","3.06","false"
"ocppbmmgnt","5 bedroom townhome available near NC State","354","2610 Cates Avenue","3.05","false"
"ocppbmmgnt","5 bedroom townhome available near NC State","355","1070 Partners Way","1.54","false"
"ocppbmmgnt","5 bedroom townhome available near NC State","511","1060 William Moore Dr","7.67","false"
"tqbb2mb","Room in House on Okelly St","354","2610 Cates Avenue","0.26","true"
"tqbb2mb","Room in House on Okelly St","355","1070 Partners Way","1.5","false"
"tqbb2mb","Room in House on Okelly St","511","1060 William Moore Dr","1.23","false"
"ocp176ghy4","Campus Crossings Raleigh","354","2610 Cates Avenue","200","false"
"ocp176ghy4","Campus Crossings Raleigh","355","1070 Partners Way","200","false"
"ocp176ghy4","Campus Crossings Raleigh","511","1060 William Moore Dr","200","false"
"qcvpeqz","1431 Collegiate Cir (Raleigh, NC)","354","2610 Cates Avenue","1.75","false"
"qcvpeqz","1431 Collegiate Cir (Raleigh, NC)","355","1070 Partners Way","1.19","true"
"qcvpeqz","1431 Collegiate Cir (Raleigh, NC)","511","1060 William Moore Dr","3.23","false"
"ocpqe84m5z","University Commons, close to Wolfline Stops","354","2610 Cates Avenue","0.48","false"
"ocpqe84m5z","University Commons, close to Wolfline Stops","355","1070 Partners Way","0.64","false"
"ocpqe84m5z","University Commons, close to Wolfline Stops","511","1060 William Moore Dr","2.26","false"
"c1v4mzd","Room in House on Henslowe Dr","354","2610 Cates Avenue","2.77","false"
"c1v4mzd","Room in House on Henslowe Dr","355","1070 Partners Way","0.77","true"
"c1v4mzd","Room in House on Henslowe Dr","511","1060 William Moore Dr","5.99","false"
"ocpx51p4tm","Condo near NCSU","354","2610 Cates Avenue","1.77","false"
"ocpx51p4tm","Condo near NCSU","355","1070 Partners Way","1.11","false"
"ocpx51p4tm","Condo near NCSU","511","1060 William Moore Dr","3.06","false"
"x5wd0zn","Room in House on Pineland Cir","354","2610 Cates Avenue","1.44","true"
"x5wd0zn","Room in House on Pineland Cir","355","1070 Partners Way","2.65","false"
"x5wd0zn","Room in House on Pineland Cir","511","1060 William Moore Dr","1.28","false"
"ocphdtdgk2","105 Friendly Drive! Furnished Room Rentals with Utilities!","354","2610 Cates Avenue","0.05","false"
"ocphdtdgk2","105 Friendly Drive! Furnished Room Rentals with Utilities!","355","1070 Partners Way","1.19","false"
"ocphdtdgk2","105 Friendly Drive! Furnished Room Rentals with Utilities!","511","1060 William Moore Dr","1.44","false"
"51px18q","1101 Gunnison Pl (Raleigh, NC)","354","2610 Cates Avenue","6.57","false"
"51px18q","1101 Gunnison Pl (Raleigh, NC)","355","1070 Partners Way","7.98","false"
"51px18q","1101 Gunnison Pl (Raleigh, NC)","511","1060 William Moore Dr","6.08","true"
"ocpjxe9lb5","Private House room listing","354","2610 Cates Avenue","8.04","false"
"ocpjxe9lb5","Private House room listing","355","1070 Partners Way","9.42","false"
"ocpjxe9lb5","Private House room listing","511","1060 William Moore Dr","7.53","false"
"6lbm6br","2810 Crestscene Trail (Raleigh, NC)","354","2610 Cates Avenue","2.74","true"
"6lbm6br","2810 Crestscene Trail (Raleigh, NC)","355","1070 Partners Way","1.5","false"
"6lbm6br","2810 Crestscene Trail (Raleigh, NC)","511","1060 William Moore Dr","5.05","false"
"ocp4lh373j","Hub Raleigh – 4x2 Lease Takeover, Available Now","354","2610 Cates Avenue","0.16","false"
"ocp4lh373j","Hub Raleigh – 4x2 Lease Takeover, Available Now","355","1070 Partners Way","0.87","false"
"ocp4lh373j","Hub Raleigh – 4x2 Lease Takeover, Available Now","511","1060 William Moore Dr","2.33","false"
"dnbdmqk","2626 Wolf Cub Ct (Raleigh, NC)","354","2610 Cates Avenue","3.17","false"
"dnbdmqk","2626 Wolf Cub Ct (Raleigh, NC)","355","1070 Partners Way","1.43","true"
"dnbdmqk","2626 Wolf Cub Ct (Raleigh, NC)","511","1060 William Moore Dr","7.56","false"
"ocp5cx5drn","Valentine Commons","354","2610 Cates Avenue","200","false"
"ocp5cx5drn","Valentine Commons","355","1070 Partners Way","200","false"
"ocp5cx5drn","Valentine Commons","511","1060 William Moore Dr","200","false"
"teq7kh8","1233 S Blount St (Raleigh, NC)","354","2610 Cates Avenue","2.25","true"
"teq7kh8","1233 S Blount St (Raleigh, NC)","355","1070 Partners Way","2.05","false"
"teq7kh8","1233 S Blount St (Raleigh, NC)","511","1060 William Moore Dr","5.68","false"
"ocpsgy1zk5","Family Neighborhood with Greenway Access","354","2610 Cates Avenue","5.14","false"
"ocpsgy1zk5","Family Neighborhood with Greenway Access","355","1070 Partners Way","6.63","false"
"ocpsgy1zk5","Family Neighborhood with Greenway Access","511","1060 William Moore Dr","8.09","false"
"se736e5","College Inn","354","2610 Cates Avenue","0.12","true"
"se736e5","College Inn","355","1070 Partners Way","0.46","false"
"se736e5","College Inn","511","1060 William Moore Dr","2.09","false"
"ocp0gch9g2","Quiet Furnished Room in Cary – Private Bath, Storage, Driveway Access, Near Bus 3","354","2610 Cates Avenue","6.37","false"
"ocp0gch9g2","Quiet Furnished Room in Cary – Private Bath, Storage, Driveway Access, Near Bus 3","355","1070 Partners Way","8.65","false"
"ocp0gch9g2","Quiet Furnished Room in Cary – Private Bath, Storage, Driveway Access, Near Bus 3","511","1060 William Moore Dr","6.14","false"
"r2tht53","Room in House on Tall Rock Ct","354","2610 Cates Avenue","6.92","true"
"r2tht53","Room in House on Tall Rock Ct","355","1070 Partners Way","9.4","false"
"r2tht53","Room in House on Tall Rock Ct","511","1060 William Moore Dr","12.6","false"
"ocp1ddchy6","Village Green","354","2610 Cates Avenue","2.28","false"
"ocp1ddchy6","Village Green","355","1070 Partners Way","0.4","false"
"ocp1ddchy6","Village Green","511","1060 William Moore Dr","8.43","false"
"r66ecw0","Room in Duplex on Bragg St","354","2610 Cates Avenue","3.1","false"
"r66ecw0","Room in Duplex on Bragg St","355","1070 Partners Way","2.66","true"
"r66ecw0","Room in Duplex on Bragg St","511","1060 William Moore Dr","6","false"
"ocpmf8tflk","St. Albans Lofts in North Hills","354","2610 Cates Avenue","5.4","false"
"ocpmf8tflk","St. Albans Lofts in North Hills","355","1070 Partners Way","8.87","false"
"ocpmf8tflk","St. Albans Lofts in North Hills","511","1060 William Moore Dr","6.97","false"
"kf77vv8","Room in Condo on Collegiate Cir","354","2610 Cates Avenue","1.74","false"
"kf77vv8","Room in Condo on Collegiate Cir","355","1070 Partners Way","0.87","true"
"kf77vv8","Room in Condo on Collegiate Cir","511","1060 William Moore Dr","3.21","false"
"ocphycq162","Cozy house 10 min walk to campus","354","2610 Cates Avenue","0.64","false"
"ocphycq162","Cozy house 10 min walk to campus","355","1070 Partners Way","1.31","false"
"ocphycq162","Cozy house 10 min walk to campus","511","1060 William Moore Dr","3.09","false"
"hz5leg1","Room in Townhome on Ivory Run Way","354","2610 Cates Avenue","3.06","false"
"hz5leg1","Room in Townhome on Ivory Run Way","355","1070 Partners Way","1.56","true"
"hz5leg1","Room in Townhome on Ivory Run Way","511","1060 William Moore Dr","7.7","false"
"ocpszqbd35","Signature 1505 4X4 Apartment","354","2610 Cates Avenue","0.34","false"
"ocpszqbd35","Signature 1505 4X4 Apartment","355","1070 Partners Way","0.92","false"
"ocpszqbd35","Signature 1505 4X4 Apartment","511","1060 William Moore Dr","2.51","false"
"ocpsq5c5s4","Lupton Flats- 2 Bedroom 1 Bathroom Flat Available Now! Pre Leasing for August 2026!","354","2610 Cates Avenue","0.26","false"
"ocpsq5c5s4","Lupton Flats- 2 Bedroom 1 Bathroom Flat Available Now! Pre Leasing for August 2026!","355","1070 Partners Way","0.64","false"
"ocpsq5c5s4","Lupton Flats- 2 Bedroom 1 Bathroom Flat Available Now! Pre Leasing for August 2026!","511","1060 William Moore Dr","2.1","false"
"ocpbnn75s8","912 Chaney Rd. #100","354","2610 Cates Avenue","0.48","false"
"ocpbnn75s8","912 Chaney Rd. #100","355","1070 Partners Way","1.5","false"
"ocpbnn75s8","912 Chaney Rd. #100","511","1060 William Moore Dr","1.46","false"
"jkg82q6","Room in House on Joyner Pl","354","2610 Cates Avenue","5.58","true"
"jkg82q6","Room in House on Joyner Pl","355","1070 Partners Way","7.49","false"
"jkg82q6","Room in House on Joyner Pl","511","1060 William Moore Dr","5.77","false"
"ocp2bnnl9c","Townhome at Hampton Place, Morrisville, 20 to 25 minutes from NCSU.","354","2610 Cates Avenue","12.66","false"
"ocp2bnnl9c","Townhome at Hampton Place, Morrisville, 20 to 25 minutes from NCSU.","355","1070 Partners Way","16.02","false"
"ocp2bnnl9c","Townhome at Hampton Place, Morrisville, 20 to 25 minutes from NCSU.","511","1060 William Moore Dr","10.5","false"
"gc0phpz","591 E Cabarrus St (Raleigh, NC)","354","2610 Cates Avenue","2.34","true"
"gc0phpz","591 E Cabarrus St (Raleigh, NC)","355","1070 Partners Way","2.39","false"
"gc0phpz","591 E Cabarrus St (Raleigh, NC)","511","1060 William Moore Dr","5.91","false"
"ocp0gblz91","Great value in beautiful SW Raleigh","354","2610 Cates Avenue","3.84","false"
"ocp0gblz91","Great value in beautiful SW Raleigh","355","1070 Partners Way","1.82","false"
"ocp0gblz91","Great value in beautiful SW Raleigh","511","1060 William Moore Dr","6.06","false"
"ocplp7c98d","Collegeview Apartments","354","2610 Cates Avenue","0.34","false"
"ocplp7c98d","Collegeview Apartments","355","1070 Partners Way","0.49","false"
"ocplp7c98d","Collegeview Apartments","511","1060 William Moore Dr","2.18","false"
"ocpteqgjg8","Huge modern studio suite- private entrance and beth- near NCSU","354","2610 Cates Avenue","2.75","false"
"ocpteqgjg8","Huge modern studio suite- private entrance and beth- near NCSU","355","1070 Partners Way","5.65","false"
"ocpteqgjg8","Huge modern studio suite- private entrance and beth- near NCSU","511","1060 William Moore Dr","2.59","false"
"33f756e","University Village at 2505","354","2610 Cates Avenue","3.21","true"
"33f756e","University Village at 2505","355","1070 Partners Way","1.08","false"
"33f756e","University Village at 2505","511","1060 William Moore Dr","8.17","false"
"ocphe602k0","Apartment close to campus","354","2610 Cates Avenue","2.24","false"
"ocphe602k0","Apartment close to campus","355","1070 Partners Way","0.81","false"
"ocphe602k0","Apartment close to campus","511","1060 William Moore Dr","7.49","false"
"zfenc9w","Room in Condo on Wolfmill Dr","354","2610 Cates Avenue","2.23","false"
"zfenc9w","Room in Condo on Wolfmill Dr","355","1070 Partners Way","0.85","true"
"zfenc9w","Room in Condo on Wolfmill Dr","511","1060 William Moore Dr","5.09","false"
"ocpvv9069d","912 Chaney Rd. #102","354","2610 Cates Avenue","0.48","false"
"ocpvv9069d","912 Chaney Rd. #102","355","1070 Partners Way","1.49","false"
"ocpvv9069d","912 Chaney Rd. #102","511","1060 William Moore Dr","1.46","false"
"49jmmdh","Room in Townhome on Haskell Dr","354","2610 Cates Avenue","4.36","false"
"49jmmdh","Room in Townhome on Haskell Dr","355","1070 Partners Way","2.96","true"
"49jmmdh","Room in Townhome on Haskell Dr","511","1060 William Moore Dr","7.38","false"
"ocpn54lxfn","3 bedroom home close to campus and downtown Raleigh(Utilities included)","354","2610 Cates Avenue","5.02","false"
"ocpn54lxfn","3 bedroom home close to campus and downtown Raleigh(Utilities included)","355","1070 Partners Way","3.68","false"
"ocpn54lxfn","3 bedroom home close to campus and downtown Raleigh(Utilities included)","511","1060 William Moore Dr","7.01","false"
"wjt9dqk","Room in Condo on University Ct","354","2610 Cates Avenue","1.77","false"
"wjt9dqk","Room in Condo on University Ct","355","1070 Partners Way","1.1","true"
"wjt9dqk","Room in Condo on University Ct","511","1060 William Moore Dr","3.06","false"
"ocpg8zsjmz","Flex Stay | Lux Furnished | 3 Bed |  Pets OK | Utilities Incl. | International OK","354","2610 Cates Avenue","0.76","false"
"ocpg8zsjmz","Flex Stay | Lux Furnished | 3 Bed |  Pets OK | Utilities Incl. | International OK","355","1070 Partners Way","0.43","false"
"ocpg8zsjmz","Flex Stay | Lux Furnished | 3 Bed |  Pets OK | Utilities Incl. | International OK","511","1060 William Moore Dr","2.37","false"
"bq6wzsb","Room in House on Quartz Ct","354","2610 Cates Avenue","5.55","true"
"bq6wzsb","Room in House on Quartz Ct","355","1070 Partners Way","4.41","false"
"bq6wzsb","Room in House on Quartz Ct","511","1060 William Moore Dr","12.26","false"
"ocp4t7wmxk","University Oaks","354","2610 Cates Avenue","0.33","false"
"ocp4t7wmxk","University Oaks","355","1070 Partners Way","0.83","false"
"ocp4t7wmxk","University Oaks","511","1060 William Moore Dr","1.7","false"
"z44390w","Lofts at Lineberry","354","2610 Cates Avenue","122.47","false"
"z44390w","Lofts at Lineberry","355","1070 Partners Way","124.81","false"
"z44390w","Lofts at Lineberry","511","1060 William Moore Dr","120.13","true"
"ocp90bdzb4","Brick Bungalow close to Campus","354","2610 Cates Avenue","2.81","false"
"ocp90bdzb4","Brick Bungalow close to Campus","355","1070 Partners Way","5.02","false"
"ocp90bdzb4","Brick Bungalow close to Campus","511","1060 William Moore Dr","6.58","false"
"ocp9blcpd7","Studio, One and Two Bedrooms at Westgrove Towers","354","2610 Cates Avenue","1.06","false"
"ocp9blcpd7","Studio, One and Two Bedrooms at Westgrove Towers","355","1070 Partners Way","2.58","false"
"ocp9blcpd7","Studio, One and Two Bedrooms at Westgrove Towers","511","1060 William Moore Dr","1.96","false"
"ocpq99qjpx","Apartment close to NCSU","354","2610 Cates Avenue","1.72","false"
"ocpq99qjpx","Apartment close to NCSU","355","1070 Partners Way","0.79","false"
"ocpq99qjpx","Apartment close to NCSU","511","1060 William Moore Dr","3.14","false"
"gdtz0ww","3111 Kentish Town Ln (Raleigh, NC)","354","2610 Cates Avenue","3.79","false"
"gdtz0ww","3111 Kentish Town Ln (Raleigh, NC)","355","1070 Partners Way","5.61","false"
"gdtz0ww","3111 Kentish Town Ln (Raleigh, NC)","511","1060 William Moore Dr","1.82","true"
"ocps6ymwl7","University Woods","354","2610 Cates Avenue","2.18","false"
"ocps6ymwl7","University Woods","355","1070 Partners Way","6.39","false"
"ocps6ymwl7","University Woods","511","1060 William Moore Dr","5.08","false"
"9m73sq5","Room in Townhome on Macedonia Lake Dr","354","2610 Cates Avenue","4.73","false"
"9m73sq5","Room in Townhome on Macedonia Lake Dr","355","1070 Partners Way","2.78","true"
"9m73sq5","Room in Townhome on Macedonia Lake Dr","511","1060 William Moore Dr","6.02","false"
"ocpvgtpebg","Lake Park Condos- Room Rental with Utilities","354","2610 Cates Avenue","1.72","false"
"ocpvgtpebg","Lake Park Condos- Room Rental with Utilities","355","1070 Partners Way","1.55","false"
"ocpvgtpebg","Lake Park Condos- Room Rental with Utilities","511","1060 William Moore Dr","3.2","false"
"5hme2mn","The Station Raleigh","354","2610 Cates Avenue","2.13","true"
"5hme2mn","The Station Raleigh","355","1070 Partners Way","3.69","false"
"5hme2mn","The Station Raleigh","511","1060 William Moore Dr","0.49","false"
"ocp1kxjde4","Rent a WHOLE unit with water, electric, washer and dryer! 4 Bed 4 Bath! Lake Park Condos!","354","2610 Cates Avenue","1.72","false"
"ocp1kxjde4","Rent a WHOLE unit with water, electric, washer and dryer! 4 Bed 4 Bath! Lake Park Condos!","355","1070 Partners Way","1.55","false"
"ocp1kxjde4","Rent a WHOLE unit with water, electric, washer and dryer! 4 Bed 4 Bath! Lake Park Condos!","511","1060 William Moore Dr","3.2","false"
"lpl9fce","2850 Sanderford Rd (Raleigh, NC)","354","2610 Cates Avenue","5.86","false"
"lpl9fce","2850 Sanderford Rd (Raleigh, NC)","355","1070 Partners Way","4","true"
"lpl9fce","2850 Sanderford Rd (Raleigh, NC)","511","1060 William Moore Dr","12.57","false"
"ocp706k96x","Six Forks townhome","354","2610 Cates Avenue","9.72","false"
"ocp706k96x","Six Forks townhome","355","1070 Partners Way","11.12","false"
"ocp706k96x","Six Forks townhome","511","1060 William Moore Dr","9.23","false"
"k8k3t7b","Room in House on Old Farm Rd","354","2610 Cates Avenue","3.06","false"
"k8k3t7b","Room in House on Old Farm Rd","355","1070 Partners Way","3.42","false"
"k8k3t7b","Room in House on Old Farm Rd","511","1060 William Moore Dr","2.36","true"
"ocpssgbbl7","Inona Place","354","2610 Cates Avenue","3.55","false"
"ocpssgbbl7","Inona Place","355","1070 Partners Way","3.78","false"
"ocpssgbbl7","Inona Place","511","1060 William Moore Dr","3.04","false"
"3zb9brd","Room in House on Slippery Elm Dr","354","2610 Cates Avenue","6.38","false"
"3zb9brd","Room in House on Slippery Elm Dr","355","1070 Partners Way","5.29","true"
"3zb9brd","Room in House on Slippery Elm Dr","511","1060 William Moore Dr","9.54","false"
"ocpd9wnxdk","$3600 saving on 2*2 Sublet at Stanhope Apartment for NC STATE","354","2610 Cates Avenue","0.15","false"
"ocpd9wnxdk","$3600 saving on 2*2 Sublet at Stanhope Apartment for NC STATE","355","1070 Partners Way","1.21","false"
"ocpd9wnxdk","$3600 saving on 2*2 Sublet at Stanhope Apartment for NC STATE","511","1060 William Moore Dr","1.38","false"
"0nhgh82","Room in Condo on Carlton Ave","354","2610 Cates Avenue","0.19","true"
"0nhgh82","Room in Condo on Carlton Ave","355","1070 Partners Way","0.84","false"
"0nhgh82","Room in Condo on Carlton Ave","511","1060 William Moore Dr","1.56","false"
"ocp67ldb5s","The Wilde","354","2610 Cates Avenue","2.26","false"
"ocp67ldb5s","The Wilde","355","1070 Partners Way","1.02","false"
"ocp67ldb5s","The Wilde","511","1060 William Moore Dr","5.13","false"
"w6v7z0h","Room in Condo on University Ct","354","2610 Cates Avenue","1.75","false"
"w6v7z0h","Room in Condo on University Ct","355","1070 Partners Way","1.09","true"
"w6v7z0h","Room in Condo on University Ct","511","1060 William Moore Dr","3.04","false"
"ocp0psn632","An apartments with 3 bed and 3 bath for NC State Students www.ncstudentsliving.com","354","2610 Cates Avenue","2.24","false"
"ocp0psn632","An apartments with 3 bed and 3 bath for NC State Students www.ncstudentsliving.com","355","1070 Partners Way","0.81","false"
"ocp0psn632","An apartments with 3 bed and 3 bath for NC State Students www.ncstudentsliving.com","511","1060 William Moore Dr","5.11","false"
"l1e6hxd","707 E Martin St (Raleigh, NC)","354","2610 Cates Avenue","2.35","true"
"l1e6hxd","707 E Martin St (Raleigh, NC)","355","1070 Partners Way","2.64","false"
"l1e6hxd","707 E Martin St (Raleigh, NC)","511","1060 William Moore Dr","12.04","false"
"ocpsqjgls7","Cozy private apt","354","2610 Cates Avenue","2.87","false"
"ocpsqjgls7","Cozy private apt","355","1070 Partners Way","6.03","false"
"ocpsqjgls7","Cozy private apt","511","1060 William Moore Dr","7.85","false"
"y6ff3gt","Room in Condo on Trailwood Heights Ln","354","2610 Cates Avenue","2.65","false"
"y6ff3gt","Room in Condo on Trailwood Heights Ln","355","1070 Partners Way","1.41","true"
"y6ff3gt","Room in Condo on Trailwood Heights Ln","511","1060 William Moore Dr","4.59","false"
"ocpk5yz73b","Stanhope Student Apartments","354","2610 Cates Avenue","0.15","false"
"ocpk5yz73b","Stanhope Student Apartments","355","1070 Partners Way","1.24","false"
"ocpk5yz73b","Stanhope Student Apartments","511","1060 William Moore Dr","1.4","false"
"hp3tns3","Room in House on Ravel St","354","2610 Cates Avenue","1.82","false"
"hp3tns3","Room in House on Ravel St","355","1070 Partners Way","1.49","true"
"hp3tns3","Room in House on Ravel St","511","1060 William Moore Dr","2.26","false"
"ocp5lwrmvq","Convenient Kaplan Dr property near NCSU buses, park, grocery, with parking space & private bathroom","354","2610 Cates Avenue","0.7","false"
"ocp5lwrmvq","Convenient Kaplan Dr property near NCSU buses, park, grocery, with parking space & private bathroom","355","1070 Partners Way","0.88","false"
"ocp5lwrmvq","Convenient Kaplan Dr property near NCSU buses, park, grocery, with parking space & private bathroom","511","1060 William Moore Dr","2.12","false"
"ocpf3gzfct","Champion Court Condo","354","2610 Cates Avenue","0","false"
"ocpf3gzfct","Champion Court Condo","355","1070 Partners Way","0.24","false"
"ocpf3gzfct","Champion Court Condo","511","1060 William Moore Dr","2.46","false"
"ocpvee4m9g","Furnished 4 bed 3 baths Ranch House, walk to NCSU, free parking","354","2610 Cates Avenue","0.2","false"
"ocpvee4m9g","Furnished 4 bed 3 baths Ranch House, walk to NCSU, free parking","355","1070 Partners Way","0.7","false"
"ocpvee4m9g","Furnished 4 bed 3 baths Ranch House, walk to NCSU, free parking","511","1060 William Moore Dr","1.64","false"
"ocpkrnvkk8","The Hub Raleigh","354","2610 Cates Avenue","0.16","false"
"ocpkrnvkk8","The Hub Raleigh","355","1070 Partners Way","0.87","false"
"ocpkrnvkk8","The Hub Raleigh","511","1060 William Moore Dr","2.33","false"
"ocpq292qyw","1st Month FREE!","354","2610 Cates Avenue","2.26","false"
"ocpq292qyw","1st Month FREE!","355","1070 Partners Way","0.86","false"
"ocpq292qyw","1st Month FREE!","511","1060 William Moore Dr","5.32","false"
"ocpqh8kxbz","Falcon Ridge subdivision","354","2610 Cates Avenue","0.71","false"
"ocpqh8kxbz","Falcon Ridge subdivision","355","1070 Partners Way","0.88","false"
"ocpqh8kxbz","Falcon Ridge subdivision","511","1060 William Moore Dr","2.12","false"
"ocpqfg7r3z","University Commons PRELEASING FOR 2026-2027","354","2610 Cates Avenue","0.54","false"
"ocpqfg7r3z","University Commons PRELEASING FOR 2026-2027","355","1070 Partners Way","0.71","false"
"ocpqfg7r3z","University Commons PRELEASING FOR 2026-2027","511","1060 William Moore Dr","2.34","false"
"ocpqsb7fkz","TWO BEDROOM TOWNHOUSE IN EXCELLENT CONDITION","354","2610 Cates Avenue","0.71","false"
"ocpqsb7fkz","TWO BEDROOM TOWNHOUSE IN EXCELLENT CONDITION","355","1070 Partners Way","0.88","false"
"ocpqsb7fkz","TWO BEDROOM TOWNHOUSE IN EXCELLENT CONDITION","511","1060 William Moore Dr","2.12","false"
"ocp8d9cwv0","Bright 2 BR, 2 BA unit in vibrant Person St district","354","2610 Cates Avenue","1.84","false"
"ocp8d9cwv0","Bright 2 BR, 2 BA unit in vibrant Person St district","355","1070 Partners Way","2.48","false"
"ocp8d9cwv0","Bright 2 BR, 2 BA unit in vibrant Person St district","511","1060 William Moore Dr","6.08","false"
"ocp9g1mkz6","Stylish Studio Condo on NC State University Campus","354","2610 Cates Avenue","0.18","false"
"ocp9g1mkz6","Stylish Studio Condo on NC State University Campus","355","1070 Partners Way","0","false"
"ocp9g1mkz6","Stylish Studio Condo on NC State University Campus","511","1060 William Moore Dr","2.4","false"
"ocpeg5yhcm","Avery Close","354","2610 Cates Avenue","0.19","false"
"ocpeg5yhcm","Avery Close","355","1070 Partners Way","0.17","false"
"ocpeg5yhcm","Avery Close","511","1060 William Moore Dr","2.41","false"
"ocpsnmx4w4","""Avery Close "" condos room available across from Centennial Campus NCSU NC State Raleigh","354","2610 Cates Avenue","0.2","false"
"ocpsnmx4w4","""Avery Close "" condos room available across from Centennial Campus NCSU NC State Raleigh","355","1070 Partners Way","0","false"
"ocpsnmx4w4","""Avery Close "" condos room available across from Centennial Campus NCSU NC State Raleigh","511","1060 William Moore Dr","2.45","false"
"ocp2k6k5g8","Furnished Room for Rent (Between Central and Centennial Campus)","354","2610 Cates Avenue","0.22","false"
"ocp2k6k5g8","Furnished Room for Rent (Between Central and Centennial Campus)","355","1070 Partners Way","0.19","false"
"ocp2k6k5g8","Furnished Room for Rent (Between Central and Centennial Campus)","511","1060 William Moore Dr","2.41","false"