"listing_id","listing","advertised_price","distance_miles","distance_band","beds","manual_classification","evidence_note","reviewed_date","prior_text_judgment","prior_text_audit_status","prior_text_evidence","saved_photo_count","original_listing_url"
"ocpet5b7hm","Modern/High Ceilings 2bed/2 bath","$1,250","1.026552005",">1–3 mi","2 Beds","Private bedroom","","2026-09-20","Probably","Likely exclusive, not explicit","Each spacious bedroom features a private en-suite bathroom, providing comfort and privacy ideal for student life.","11","https://offcampus.dasa.ncsu.edu/housing/property/modern-high-ceilings-2bed-2-bath/ocpet5b7hm"
"7e6kx1w","Centennial Ridge Student Housing","$599 - $2,157","2.372144719",">1–3 mi","3 Beds","Private bedroom","","2026-09-20","Probably","Likely exclusive, not explicit","Centennial accommodates the student lifestyle, with individual lease contracts, apartments equipped with a washer and dryer, private bathrooms, large closets, and free wireless internet property-wide.","57","https://offcampus.dasa.ncsu.edu/housing/property/centennial-ridge-student-housing/7e6kx1w"
"ocpw46rjcl","Brand New Luxury Furnished Townhome | 4 Bed /  3.5 Bath | 5 Min to NC State & 3 Mins to Fenton +shop","$900 - $1,050","3.335",">3–5 mi","3 Beds","Private bedroom","","2026-09-20","Probably","Likely exclusive, not explicit","Every bedroom is thoughtfully furnished with a queen bed, premium mattress, study desk, ergonomic chair, dresser, nightstand, Smart TV, and closet storage.","13","https://offcampus.dasa.ncsu.edu/housing/property/brand-new-luxury-furnished-townhome-4-bed-3-5-bath-5-min-to-nc-state-and-3-mins-to-fenton-shop/ocpw46rjcl"
"ocpchygggd","Hurry 2 Rooms Left! – 4BR/4BA Condo Near NC State  – All Utilities & Internet Included!","$695","2.192366298",">1–3 mi","2 Beds","Private bedroom","","2026-09-20","Yes — explicit","Confirmed exclusive bedroom","Only 2 private rooms left!!!","9","https://offcampus.dasa.ncsu.edu/housing/property/hurry-2-rooms-left-4br-4ba-condo-near-nc-state-all-utilities-and-internet-included/ocpchygggd"
"ocpesl9n3p","maisonNC --- Fully Furnished minutes away from Wolfline and Shopping","$750","1.619349362",">1–3 mi","4 Beds","Private bedroom","","2026-09-20","Probably","Likely exclusive, not explicit","Lovely fully furnished 4 bedroom, 4 bathroom units.","2","https://offcampus.dasa.ncsu.edu/housing/property/maisonnc-fully-furnished-minutes-away-from-wolfline-and-shopping/ocpesl9n3p"
"ocpcm3jede","maisonNC --- Fully Furnished minutes away from Wolfline and Shopping","$750","1.600371218",">1–3 mi","4 Beds","Private bedroom","","2026-09-20","Probably","Likely exclusive, not explicit","Fully furnished 4 bedroom, 4 bathroom condo near Lake Johnson, NCSU and downtown Raleigh.","16","https://offcampus.dasa.ncsu.edu/housing/property/maisonnc-fully-furnished-minutes-away-from-wolfline-and-shopping/ocpcm3jede"
"ocpnx5c0kn","Modern & spacious 3BR/3BA Apartment w/View","$1,000","1.036129373",">1–3 mi","3 Beds","Private bedroom","","2026-09-20","Unknown","Unclear from saved text","Modern & spacious 3BR/3BA Apartment w/View","13","https://offcampus.dasa.ncsu.edu/housing/property/modern-and-spacious-3br-3ba-apartment-w-view/ocpnx5c0kn"
"ocpjeweyz6","All Girls Unit - Room with Private Bathroom at  University Woods at Centennial Condominiums","$645","2.188347488",">1–3 mi","4 Beds","Private bedroom","","2026-09-20","Yes — explicit","Confirmed exclusive bedroom","This private bedroom with en-suite bathroom in a fully furnished 4-bed/4-bath condo is the perfect fit for graduate or undergraduate students at NC State.","12","https://offcampus.dasa.ncsu.edu/housing/property/all-girls-unit-room-with-private-bathroom-at-university-woods-at-centennial-condominiums/ocpjeweyz6"
"0smdl31","Paloma Raleigh","$749 - $1,599","2.624931081",">1–3 mi","1 - 5 Beds","Private bedroom","","2026-09-20","Unknown","Unclear from saved text","Paloma Raleigh","68","https://offcampus.dasa.ncsu.edu/housing/property/paloma-raleigh/0smdl31"
"ocppjxdd3r","Collegeview Duplex--Brand New Luxury Housing within walking distance to NCSU","$900 - $950","0.249152533","0–1 mi","4 Beds","Private bedroom","","2026-09-20","Probably","Likely exclusive, not explicit","Check out this brand new, large 4 bedroom, 4.5 bath, 2500sq ft.","28","https://offcampus.dasa.ncsu.edu/housing/property/collegeview-duplex-brand-new-luxury-housing-within-walking-distance-to-ncsu/ocppjxdd3r"
"ocpe1n95cm","Big Promotion w/best price ever. Move in Immediately . MarcomTowns. Great location nice","$950","0.243489368","0–1 mi","4 Beds","Private bedroom","","2026-09-20","Unknown","Unclear from saved text","Big Promotion w/best price ever. Move in Immediately . MarcomTowns. Great location nice","10","https://offcampus.dasa.ncsu.edu/housing/property/big-promotion-w-best-price-ever-move-in-immediately-marcomtowns-great-location-nice/ocpe1n95cm"
"ocp2evl6hb","University Oaks -","$725","0.440031949","0–1 mi","1 Bed","Private bedroom","","2026-09-20","Probably","Likely exclusive, not explicit","4-bedroom shared condo at 1120 Carlton Ave with only 2 rooms still available for the 2026–2027 school year.","8","https://offcampus.dasa.ncsu.edu/housing/property/university-oaks/ocp2evl6hb"
"ocpvlydr3e","Reavis ---Brand New Luxury Housing within walking distance to NCSU","$925 - $975","0.846079213","0–1 mi","4 Beds","Private bedroom","","2026-09-20","Probably","Likely exclusive, not explicit","Check out this brand new, large 4 bedroom, 4.5 bath, 2600sq ft.","11","https://offcampus.dasa.ncsu.edu/housing/property/reavis-brand-new-luxury-housing-within-walking-distance-to-ncsu/ocpvlydr3e"
"ocpxdxd79p","4BR/4BA Condo| On Wolfline | Preleasing 27-28 Special $850 Util/Parking Incld | Mile to Campus","$875","0.655411437","0–1 mi","4 Beds","Private bedroom","","2026-09-20","Yes — explicit","Confirmed exclusive bedroom","* Private Bedroom Suites","32","https://offcampus.dasa.ncsu.edu/housing/property/4br-4ba-condo-on-wolfline-preleasing-27-28-special-850-util-parking-incld-mile-to-campus/ocpxdxd79p"
"ocpm68s5sh","Burt Drive Townhouses---Brand New Luxury Housing within walking distance to NCSU","$1,050","0.339887457","0–1 mi","4 Beds","Private bedroom","","2026-09-20","Probably","Likely exclusive, not explicit","Check out these brand new, large 4 bedroom, 4.5 bath, 2430sq ft.","12","https://offcampus.dasa.ncsu.edu/housing/property/burt-drive-townhouses-brand-new-luxury-housing-within-walking-distance-to-ncsu/ocpm68s5sh"
"ocp2k0px98","Liberty station male only townhome- 5 miles from Centennial","$900","4.065",">3–5 mi","1 Bed","Private bedroom","","2026-09-20","Probably","Likely exclusive, not explicit","One room available in a townhouse in Raleigh, 5 miles (10 minutes) to NC State","4","https://offcampus.dasa.ncsu.edu/housing/property/liberty-station-male-only-townhome-5-miles-from-centennial/ocp2k0px98"
"z8cfdjw","Campus Crossings Raleigh","$685 - $870","2.420198986",">1–3 mi","2 - 4 Beds","Private bedroom","","2026-09-20","Unknown","Unclear from saved text","Campus Crossings at Raleigh provides 2-, 3- and 4-bedroom apartments and offers a private shuttle to North Carolina State University.","20","https://offcampus.dasa.ncsu.edu/housing/property/campus-crossings-raleigh/z8cfdjw"
"ocp6mp93ms","Newly Renovated - All Girls Unit Room with Private Bathroom","$645","2.193838767",">1–3 mi","4 Beds","Private bedroom","","2026-09-20","Probably","Likely exclusive, not explicit","All Girls Unit - Room with Private Bathroom for Rent – Near NCSU &amp; Downtown Raleigh!","16","https://offcampus.dasa.ncsu.edu/housing/property/newly-renovated-all-girls-unit-room-with-private-bathroom/ocp6mp93ms"
"75medjw","Brickside","$999 - $1,825","0.907876187","0–1 mi","Studio - 4 Beds","Private bedroom","","2026-09-20","Unknown","Unclear from saved text","Brickside","9","https://offcampus.dasa.ncsu.edu/housing/property/brickside/75medjw"
"ocp6wsb4yt","We have 1 bedroom open In a luxury 5 bed 5 full bath house 1/1/27-6/30/27","$1,200","1.634704383",">1–3 mi","1 Bed","Private bedroom","","2026-09-20","Yes — explicit","Confirmed exclusive bedroom","Enjoy your own private bedroom with a double closet and a private ensuite Full bathroom.","27","https://offcampus.dasa.ncsu.edu/housing/property/we-have-1-bedroom-open-in-a-luxury-5-bed-5-full-bath-house-1-1-27-6-30-27/ocp6wsb4yt"
"5x5ph7m","Redpoint Raleigh","$899 - $995","2.69627335",">1–3 mi","3 - 4 Beds","Private bedroom","","2026-09-20","Unknown","Unclear from saved text","Redpoint Raleigh","14","https://offcampus.dasa.ncsu.edu/housing/property/redpoint-raleigh/5x5ph7m"
"syvz9l4","The Wilde","$599 - $920","2.029406075",">1–3 mi","2 - 4 Beds","Private bedroom","","2026-09-20","Unknown","Unclear from saved text","Choose from our spacious two, three, and four-bedroom apartments, all fully furnished and available for lease by the bed.","50","https://offcampus.dasa.ncsu.edu/housing/property/the-wilde/syvz9l4"
"ocph8n0fc0","Affordable Student Housing 1 Block from Campus on Wolf Line","$640","0.443404653","0–1 mi","4 Beds","Private bedroom","","2026-09-20","Probably","Likely exclusive, not explicit","This is a 4 bedroom 4 bath unit with each unit having its own bathroom and walk in closet.","6","https://offcampus.dasa.ncsu.edu/housing/property/affordable-student-housing-1-block-from-campus-on-wolf-line/ocph8n0fc0"
"ocpx3vt61n","FURNISHED NCSU STUDENT HOUSING – TOWNHOME ROOM RENTAL WITH PRIVATE BATHROOM ($850/room)","$850","2.435520931",">1–3 mi","3 Beds","Private bedroom","","2026-09-20","Probably","Likely exclusive, not explicit","FURNISHED NCSU STUDENT HOUSING – TOWNHOME ROOM RENTAL WITH PRIVATE BATHROOM ($850/room)","11","https://offcampus.dasa.ncsu.edu/housing/property/furnished-ncsu-student-housing-townhome-room-rental-with-private-bathroom-850-room/ocpx3vt61n"
"ocpwwwe8yh","FURNISHED TOWNHOME RENTAL – 10 Mins to NCSU - 3 Bedroom - starting $750 per room","$750","4.073",">3–5 mi","4 Beds","Private bedroom","","2026-09-20","Probably","Likely exclusive, not explicit","FURNISHED TOWNHOME RENTAL – 10 Mins to NCSU - 3 Bedroom - starting $750 per room","17","https://offcampus.dasa.ncsu.edu/housing/property/furnished-townhome-rental-10-mins-to-ncsu-3-bedroom-starting-750-per-room/ocpwwwe8yh"
"5je4q3n","Signature 1505","$650 - $1,305","1.33957903",">1–3 mi","2 - 4 Beds","Private bedroom","","2026-09-20","Yes — explicit","Confirmed exclusive bedroom","Each apartment features private bedrooms and bathrooms for added comfort and personal space, along with stylish modern finishes including granite countertops, stainless steel appliances, and contemporary furnishings.","35","https://offcampus.dasa.ncsu.edu/housing/property/signature-1505/5je4q3n"
"h2l8mh2","Redfield Villages","$799 - $899","0.562960879","0–1 mi","2 - 5 Beds","Private bedroom","","2026-09-20","Yes — explicit","Confirmed exclusive bedroom","Each home features private bedrooms, hardwood floors throughout, tiled bathroom floors, and in-unit washers and dryers.","35","https://offcampus.dasa.ncsu.edu/housing/property/redfield-villages/h2l8mh2"
"ocpszex2v4","Spacious bedroom with private bath in 2BR townhome – 5 minutes to NC State","$800","0.541658593","0–1 mi","2 Beds","Private bedroom","","2026-09-20","Yes — explicit","Confirmed exclusive bedroom","Each bedroom is spacious enough for a bed, desk, and additional furniture, and the layout is perfect for two roommates who want separate, private bedroom/bathroom areas.","20","https://offcampus.dasa.ncsu.edu/housing/property/spacious-bedroom-with-private-bath-in-2br-townhome-5-minutes-to-nc-state/ocpszex2v4"
"jjs8f07","Village Green Student Housing","$649 - $839","1.932509975",">1–3 mi","3 - 4 Beds","Private bedroom","","2026-09-20","Unknown","Unclear from saved text","We have spacious two, three, and four-bedroom floorplans that will fit you and your crew's lifestyle.","35","https://offcampus.dasa.ncsu.edu/housing/property/village-green-student-housing/jjs8f07"
"0pm7tt3","Campus West at Tryon","$699","2.874120418",">1–3 mi","3 Beds","Private bedroom","","2026-09-20","Unknown","Unclear from saved text","Campus West at Tryon","32","https://offcampus.dasa.ncsu.edu/housing/property/campus-west-at-tryon/0pm7tt3"
"ocpbhbkvy9","Voyager House","$800","1.884049975",">1–3 mi","1 Bed","Private bedroom","","2026-09-20","Yes — explicit","Confirmed exclusive bedroom","Private spacious room upstairs, fully furnished with full size bed, end table, desk, and dresser.","11","https://offcampus.dasa.ncsu.edu/housing/property/voyager-house/ocpbhbkvy9"
"e13mz5m","University Suites Student Housing","$699 - $799","2.29213488",">1–3 mi","3 - 4 Beds","Private bedroom","","2026-09-20","Unknown","Unclear from saved text","Our pet-friendly three-bedroom and four-bedroom townhome apartments are partially furnished and come with features and amenities you'll love, including a complimentary shuttle to NCSU campus.","35","https://offcampus.dasa.ncsu.edu/housing/property/university-suites-student-housing/e13mz5m"
"ocpepvxvln","Village Green Student Living","$831","1.815869405",">1–3 mi","1 Bed","Private bedroom","","2026-09-20","Probably","Likely exclusive, not explicit","Subletting one room in a four bedroom apartment near NC State's campus.","1","https://offcampus.dasa.ncsu.edu/housing/property/village-green-student-living/ocpepvxvln"
"ocpgxr290w","Spacious Forest Park Two-Room Suite + Private Bath - Walk to Campus (Includes Utilities)","$1,225","1.604060636",">1–3 mi","2 Beds","Private bedroom","","2026-09-20","Yes — explicit","Confirmed exclusive bedroom","I am looking for one housemate who will have private ""suite"" of rooms on the second floor of the house.","20","https://offcampus.dasa.ncsu.edu/housing/property/spacious-forest-park-two-room-suite-private-bath-walk-to-campus-includes-utilities/ocpgxr290w"
"ocpsd8dpj6","Spacious En-suite with private patio and garage parking in Crescent Ridge Townhome Community","$900","2.725369678",">1–3 mi","1 Bed","Private bedroom","","2026-09-20","Probably","Likely exclusive, not explicit","Spacious En-suite with private patio and garage parking in Crescent Ridge Townhome Community","11","https://offcampus.dasa.ncsu.edu/housing/property/spacious-en-suite-with-private-patio-and-garage-parking-in-crescent-ridge-townhome-community/ocpsd8dpj6"
"xcp87fm","Tryon Flats Apartments","$750","2.49322786",">1–3 mi","4 Beds","Private bedroom","","2026-09-20","Unknown","Unclear from saved text","Tryon Flats Apartments","23","https://offcampus.dasa.ncsu.edu/housing/property/tryon-flats-apartments/xcp87fm"
"ocpsq86tm4","4bed 4bath Apartment Near Centennial Campus","$725","1.590319281",">1–3 mi","4 Beds","Private bedroom","","2026-09-20","Probably","Likely exclusive, not explicit","The unit is located in the Lake Park Condos apartment , each bedroom comes with attached bathroom, full size walk-in closet, ceiling fan, internet.","14","https://offcampus.dasa.ncsu.edu/housing/property/4bed-4bath-apartment-near-centennial-campus/ocpsq86tm4"
"ocp2gxtxqc","The Station","$969","2.152909218",">1–3 mi","1 Bed","Private bedroom","","2026-09-20","Unknown","Unclear from saved text","The Station","1","https://offcampus.dasa.ncsu.edu/housing/property/the-station/ocp2gxtxqc"
"pxc3rhs","Room in Condo on Crab Orchard Dr","$675","1.660043019",">1–3 mi","1 Bed","Private bedroom","","2026-09-20","Probably","Likely exclusive, not explicit","Room for rent: Fresh, neutral paint throughout and new carpet in all the bedrooms.","20","https://offcampus.dasa.ncsu.edu/housing/property/room-in-condo-on-crab-orchard-dr/pxc3rhs"
"ocppbmmgnt","5 bedroom townhome available near NC State","$650","2.375235559",">1–3 mi","2 Beds","Private bedroom","","2026-09-20","Yes — explicit","Confirmed exclusive bedroom","5 bedroom townhome available near NC State","13","https://offcampus.dasa.ncsu.edu/housing/property/5-bedroom-townhome-available-near-nc-state/ocppbmmgnt"
"ocp176ghy4","Campus Crossings Raleigh","$865","2.375099776",">1–3 mi","1 Bed","Private bedroom","","2026-09-20","Unknown","Unclear from saved text","Campus Crossings Raleigh","4","https://offcampus.dasa.ncsu.edu/housing/property/campus-crossings-raleigh/ocp176ghy4"
"ocpx51p4tm","Condo near NCSU","$800","1.625432361",">1–3 mi","4 Beds","Private bedroom","","2026-09-20","Probably","Likely exclusive, not explicit","Condo near NCSU","13","https://offcampus.dasa.ncsu.edu/housing/property/condo-near-ncsu/ocpx51p4tm"
"x5wd0zn","Room in House on Pineland Cir","$700","1.688144235",">1–3 mi","1 Bed","Private bedroom","","2026-09-20","Probably","Likely exclusive, not explicit","Room for rent: Duplex located in the heart of Raleigh close to NC State University.","14","https://offcampus.dasa.ncsu.edu/housing/property/room-in-house-on-pineland-cir/x5wd0zn"
"ocphdtdgk2","105 Friendly Drive! Furnished Room Rentals with Utilities!","$775 - $1,050","0.734302196","0–1 mi","2 - 4 Beds","Private bedroom","","2026-09-20","Yes — explicit","Confirmed exclusive bedroom","Private Bedroom + Private Bathroom – No sharing required!","8","https://offcampus.dasa.ncsu.edu/housing/property/105-friendly-drive-furnished-room-rentals-with-utilities/ocphdtdgk2"
"ocp4lh373j","Hub Raleigh – 4x2 Lease Takeover, Available Now","$1,199","1.249575868",">1–3 mi","1 Bed","Private bedroom","","2026-09-20","Unknown","Unclear from saved text","This is a 4 bedroom / 2 bathroom furnished unit with utilities included in rent ($1,199/month); parking is available separately if needed.","4","https://offcampus.dasa.ncsu.edu/housing/property/hub-raleigh-4x2-lease-takeover-available-now/ocp4lh373j"
"ocp5cx5drn","Valentine Commons","$1,000 - $1,300","0.636006642","0–1 mi","4 Beds","Private bedroom","","2026-09-20","Probably","Likely exclusive, not explicit","The bedrooms come with a bed frame, mattress, wardrobe, desk, and chair.","11","https://offcampus.dasa.ncsu.edu/housing/property/valentine-commons/ocp5cx5drn"
"se736e5","College Inn","$859 - $1,275","0.246460777","0–1 mi","2 - 4 Beds","Private bedroom","","2026-09-20","Yes — explicit","Confirmed exclusive bedroom","The College Inn is a superior alternative to dorm life — we offer the luxury of private bedrooms, the convenience of campus across the street, and dining and shopping right down the street.","25","https://offcampus.dasa.ncsu.edu/housing/property/college-inn/se736e5"
"ocp1ddchy6","Village Green","$930","1.966488918",">1–3 mi","1 Bed","Private bedroom","","2026-09-20","Yes — explicit","Confirmed exclusive bedroom","Looking for a female preferred student to take over my private bedroom lease at Village Green Student Housing near NC State.","15","https://offcampus.dasa.ncsu.edu/housing/property/village-green/ocp1ddchy6"
"kf77vv8","Room in Condo on Collegiate Cir","$675","1.630531465",">1–3 mi","1 Bed","Private bedroom","","2026-09-20","Probably","Likely exclusive, not explicit","Room for rent: Upgrade your living situation with this great 4 bed, 4 bath apartment.","9","https://offcampus.dasa.ncsu.edu/housing/property/room-in-condo-on-collegiate-cir/kf77vv8"
"ocphycq162","Cozy house 10 min walk to campus","$1,500","1.258758084",">1–3 mi","1 Bed","Private bedroom","","2026-09-20","Yes — explicit","Confirmed exclusive bedroom","Private Bedroom Available in Cozy 2BR/2BA Home — Ideal for Graduate Students, Faculty &amp; Staff","4","https://offcampus.dasa.ncsu.edu/housing/property/cozy-house-10-min-walk-to-campus/ocphycq162"
"hz5leg1","Room in Townhome on Ivory Run Way","$690","2.412561562",">1–3 mi","1 Bed","Private bedroom","","2026-09-20","Probably","Likely exclusive, not explicit","Room for rent: Three-floor, spacious townhome-style corner condo in Southwest Raleigh, minutes from NC State!","18","https://offcampus.dasa.ncsu.edu/housing/property/room-in-townhome-on-ivory-run-way/hz5leg1"
"ocpszqbd35","Signature 1505 4X4 Apartment","$1,230","1.309798751",">1–3 mi","1 Bed","Private bedroom","","2026-09-20","Unknown","Unclear from saved text","Signature 1505 4X4 Apartment","6","https://offcampus.dasa.ncsu.edu/housing/property/signature-1505-4x4-apartment/ocpszqbd35"
"jkg82q6","Room in House on Joyner Pl","$700","4.517",">3–5 mi","1 Bed","Private bedroom","","2026-09-20","Probably","Likely exclusive, not explicit","Room for rent: Brookhaven beauty!","20","https://offcampus.dasa.ncsu.edu/housing/property/room-in-house-on-joyner-pl/jkg82q6"
"ocp0gblz91","Great value in beautiful SW Raleigh","$850","3.495",">3–5 mi","1 Bed","Private bedroom","","2026-09-20","Yes — explicit","Confirmed exclusive bedroom","Your own wing of a nice modern townhouse, including a partially furnished bedroom (comfortable queen size bed and night-stand), full spacious private bathroom, and an additional bonus bedroom you can use for studying, gaming, or extra living space.","5","https://offcampus.dasa.ncsu.edu/housing/property/great-value-in-beautiful-sw-raleigh/ocp0gblz91"
"ocpteqgjg8","Huge modern studio suite- private entrance and beth- near NCSU","$1,150","2.969896437",">1–3 mi","1 Bed","Private bedroom","","2026-09-20","Yes — explicit","Confirmed exclusive bedroom","​No pets and single occupancy only.","5","https://offcampus.dasa.ncsu.edu/housing/property/huge-modern-studio-suite-private-entrance-and-beth-near-ncsu/ocpteqgjg8"
"33f756e","University Village at 2505","$799","2.237819087",">1–3 mi","4 Beds","Private bedroom","","2026-09-20","Unknown","Unclear from saved text","University Village at 2505","25","https://offcampus.dasa.ncsu.edu/housing/property/university-village-at-2505/33f756e"
"zfenc9w","Room in Condo on Wolfmill Dr","$720","2.240360936",">1–3 mi","1 Bed","Private bedroom","","2026-09-20","Probably","Likely exclusive, not explicit","Room for rent: Rooms available in University Woods 3BR/3BA condo on the 3rd floor near NC State University in Raleigh.","8","https://offcampus.dasa.ncsu.edu/housing/property/room-in-condo-on-wolfmill-dr/zfenc9w"
"49jmmdh","Room in Townhome on Haskell Dr","$563","4.067",">3–5 mi","1 Bed","Private bedroom","","2026-09-20","Probably","Likely exclusive, not explicit","Room for rent: Spacious Raleigh townhome ideal for roommates.","16","https://offcampus.dasa.ncsu.edu/housing/property/room-in-townhome-on-haskell-dr/49jmmdh"
"bq6wzsb","Room in House on Quartz Ct","$685","4.731",">3–5 mi","1 Bed","Private bedroom","","2026-09-20","Probably","Likely exclusive, not explicit","Room for rent: Located in a desirable neighborhood.","6","https://offcampus.dasa.ncsu.edu/housing/property/room-in-house-on-quartz-ct/bq6wzsb"
"ocp4t7wmxk","University Oaks","$725","0.456914407","0–1 mi","3 Beds","Private bedroom","","2026-09-20","Probably","Likely exclusive, not explicit","University Oaks","4","https://offcampus.dasa.ncsu.edu/housing/property/university-oaks/ocp4t7wmxk"
"ocp90bdzb4","Brick Bungalow close to Campus","$1,050","3.544",">3–5 mi","1 Bed","Private bedroom","","2026-09-20","Yes — explicit","Confirmed exclusive bedroom","Private bedroom and bathroom with door that locks includes a living space with a reading/studying nook, Nespresso machine, mini fridge, and microwave allowing for privacy.","14","https://offcampus.dasa.ncsu.edu/housing/property/brick-bungalow-close-to-campus/ocp90bdzb4"
"ocpq99qjpx","Apartment close to NCSU","$645","1.653317243",">1–3 mi","1 Bed","Private bedroom","","2026-09-20","Yes — explicit","Confirmed exclusive bedroom","A private bedroom with en-suite bathroom is available in a well-maintained 4-bedroom condo just minutes from NC State University!","11","https://offcampus.dasa.ncsu.edu/housing/property/apartment-close-to-ncsu/ocpq99qjpx"
"ocps6ymwl7","University Woods","$600","2.123645671",">1–3 mi","1 Bed","Private bedroom","","2026-09-20","Probably","Likely exclusive, not explicit","This is a single room available in a 4-bedroom 4-bathroom unit with shared living/dining room area and kitchen.","5","https://offcampus.dasa.ncsu.edu/housing/property/university-woods/ocps6ymwl7"
"9m73sq5","Room in Townhome on Macedonia Lake Dr","$800","4.037",">3–5 mi","1 Bed","Private bedroom","","2026-09-20","Probably","Likely exclusive, not explicit","Room for rent: Beautiful spacious 3 bed 4 bathroom townhome with lot of windows and natural Sun light in every room is waiting to be your next home.","17","https://offcampus.dasa.ncsu.edu/housing/property/room-in-townhome-on-macedonia-lake-dr/9m73sq5"
"ocpvgtpebg","Lake Park Condos- Room Rental with Utilities","$500 - $600","1.637356936",">1–3 mi","1 Bed","Private bedroom","","2026-09-20","Probably","Likely exclusive, not explicit","Lake Park Condos- Room Rental with Utilities","15","https://offcampus.dasa.ncsu.edu/housing/property/lake-park-condos-room-rental-with-utilities/ocpvgtpebg"
"5hme2mn","The Station Raleigh","$749 - $1,930","2.173712249",">1–3 mi","1 - 4 Beds","Private bedroom","","2026-09-20","Unknown","Unclear from saved text","The Station offers 1, 3, and 4 bedrooms, ensuring there is something for everyone.","25","https://offcampus.dasa.ncsu.edu/housing/property/the-station-raleigh/5hme2mn"
"lpl9fce","2850 Sanderford Rd (Raleigh, NC)","$650","4.773",">3–5 mi","1 Bed","Private bedroom","","2026-09-20","Unknown","Unclear from saved text","2850 Sanderford Rd (Raleigh, NC)","5","https://offcampus.dasa.ncsu.edu/housing/property/2850-sanderford-rd-raleigh-nc/lpl9fce"
"ocpd9wnxdk","$3600 saving on 2*2 Sublet at Stanhope Apartment for NC STATE","$550","0.702468111","0–1 mi","1 Bed","Private bedroom","","2026-09-20","Unknown","Unclear from saved text","$3600 saving on 2*2 Sublet at Stanhope Apartment for NC STATE","1","https://offcampus.dasa.ncsu.edu/housing/property/3600-saving-on-2-2-sublet-at-stanhope-apartment-for-nc-state/ocpd9wnxdk"
"ocp67ldb5s","The Wilde","$860","2.038270328",">1–3 mi","1 Bed","Private bedroom","","2026-09-20","Probably","Likely exclusive, not explicit","Each bedroom has its own full bathroom, closet, bed frame, and desk.","5","https://offcampus.dasa.ncsu.edu/housing/property/the-wilde/ocp67ldb5s"
"ocp0psn632","An apartments with 3 bed and 3 bath for NC State Students www.ncstudentsliving.com","$650","2.262000465",">1–3 mi","3 Beds","Private bedroom","","2026-09-20","Probably","Likely exclusive, not explicit","Each bedroom has a private bathroom and walk-in closet.","6","https://offcampus.dasa.ncsu.edu/housing/property/an-apartments-with-3-bed-and-3-bath-for-nc-state-students-www-ncstudentsliving-com/ocp0psn632"
"ocpk5yz73b","Stanhope Student Apartments","$1,300","0.702468111","0–1 mi","1 Bed","Private bedroom","","2026-09-20","Unknown","Unclear from saved text","Stanhope Student Apartments","2","https://offcampus.dasa.ncsu.edu/housing/property/stanhope-student-apartments/ocpk5yz73b"
"ocp5lwrmvq","Convenient Kaplan Dr property near NCSU buses, park, grocery, with parking space & private bathroom","$675","0.716855117","0–1 mi","1 Bed","Private bedroom","","2026-09-20","Probably","Likely exclusive, not explicit","Fully furnished (mattress, bedframe, bookcases, desk, black-out curtains).","8","https://offcampus.dasa.ncsu.edu/housing/property/convenient-kaplan-dr-property-near-ncsu-buses-park-grocery-with-parking-space-and-private-bathroom/ocp5lwrmvq"
"ocpq292qyw","1st Month FREE!","$625","2.215850713",">1–3 mi","1 Bed","Private bedroom","","2026-09-20","Probably","Likely exclusive, not explicit","1 bedroom &amp; private bathroom available in a 4-bedroom condo.","12","https://offcampus.dasa.ncsu.edu/housing/property/1st-month-free/ocpq292qyw"
"ocpqh8kxbz","Falcon Ridge subdivision","$650","0.720809576","0–1 mi","1 Bed","Unclear","","2026-09-20","Unknown","Unclear from saved text","Falcon Ridge subdivision","3","https://offcampus.dasa.ncsu.edu/housing/property/falcon-ridge-subdivision/ocpqh8kxbz"
"ocpsnmx4w4","""Avery Close "" condos room available across from Centennial Campus NCSU NC State Raleigh","$750","0.376048105","0–1 mi","1 Bed","Private bedroom","","2026-09-20","Probably","Likely exclusive, not explicit","""Avery Close "" condos room available across from Centennial Campus NCSU NC State Raleigh","15","https://offcampus.dasa.ncsu.edu/housing/property/avery-close-condos-room-available-across-from-centennial-campus-ncsu-nc-state-raleigh/ocpsnmx4w4"
"ocp2k6k5g8","Furnished Room for Rent (Between Central and Centennial Campus)","$600","0.211991892","0–1 mi","1 Bed","Shared bedroom","","2026-09-20","No — explicitly shared","Confirmed shared bedroom","Renting out 1 of the 2 beds of a shared furnished master bedroom with attached bathroom.","6","https://offcampus.dasa.ncsu.edu/housing/property/furnished-room-for-rent-between-central-and-centennial-campus/ocp2k6k5g8"
