listing_id,listing,advertised_price,rent_low,rent_high,midpoint,main_distance_miles,main_distance_band,original_listing_url
ocpet5b7hm,Modern/High Ceilings 2bed/2 bath,"$1,250",1250.00,1250.00,1250.00,1.026552005,>1–3 mi,https://offcampus.dasa.ncsu.edu/housing/property/modern-high-ceilings-2bed-2-bath/ocpet5b7hm
7e6kx1w,Centennial Ridge Student Housing,"$599 - $2,157",599.00,2157.00,1378.00,2.372144719,>1–3 mi,https://offcampus.dasa.ncsu.edu/housing/property/centennial-ridge-student-housing/7e6kx1w
ocpw46rjcl,Brand New Luxury Furnished Townhome | 4 Bed /  3.5 Bath | 5 Min to NC State & 3 Mins to Fenton +shop,"$900 - $1,050",900.00,1050.00,975.00,3.334997030,>3–5 mi,https://offcampus.dasa.ncsu.edu/housing/property/brand-new-luxury-furnished-townhome-4-bed-3-5-bath-5-min-to-nc-state-and-3-mins-to-fenton-shop/ocpw46rjcl
ocpchygggd,Hurry 2 Rooms Left! – 4BR/4BA Condo Near NC State  – All Utilities & Internet Included!,$695,695.00,695.00,695.00,2.192366298,>1–3 mi,https://offcampus.dasa.ncsu.edu/housing/property/hurry-2-rooms-left-4br-4ba-condo-near-nc-state-all-utilities-and-internet-included/ocpchygggd
ocpesl9n3p,maisonNC --- Fully Furnished minutes away from Wolfline and Shopping,$750,750.00,750.00,750.00,1.619349362,>1–3 mi,https://offcampus.dasa.ncsu.edu/housing/property/maisonnc-fully-furnished-minutes-away-from-wolfline-and-shopping/ocpesl9n3p
ocpcm3jede,maisonNC --- Fully Furnished minutes away from Wolfline and Shopping,$750,750.00,750.00,750.00,1.600371218,>1–3 mi,https://offcampus.dasa.ncsu.edu/housing/property/maisonnc-fully-furnished-minutes-away-from-wolfline-and-shopping/ocpcm3jede
ocpnx5c0kn,Modern & spacious 3BR/3BA Apartment w/View,"$1,000",1000.00,1000.00,1000.00,1.036129373,>1–3 mi,https://offcampus.dasa.ncsu.edu/housing/property/modern-and-spacious-3br-3ba-apartment-w-view/ocpnx5c0kn
ocpjeweyz6,All Girls Unit - Room with Private Bathroom at  University Woods at Centennial Condominiums,$645,645.00,645.00,645.00,2.188347488,>1–3 mi,https://offcampus.dasa.ncsu.edu/housing/property/all-girls-unit-room-with-private-bathroom-at-university-woods-at-centennial-condominiums/ocpjeweyz6
0smdl31,Paloma Raleigh,"$749 - $1,599",749.00,1599.00,1174.00,2.624931081,>1–3 mi,https://offcampus.dasa.ncsu.edu/housing/property/paloma-raleigh/0smdl31
ocppjxdd3r,Collegeview Duplex--Brand New Luxury Housing within walking distance to NCSU,$900 - $950,900.00,950.00,925.00,0.249152533,0–1 mi,https://offcampus.dasa.ncsu.edu/housing/property/collegeview-duplex-brand-new-luxury-housing-within-walking-distance-to-ncsu/ocppjxdd3r
ocpe1n95cm,Big Promotion w/best price ever. Move in Immediately . MarcomTowns. Great location nice,$950,950.00,950.00,950.00,0.243489368,0–1 mi,https://offcampus.dasa.ncsu.edu/housing/property/big-promotion-w-best-price-ever-move-in-immediately-marcomtowns-great-location-nice/ocpe1n95cm
ocp2evl6hb,University Oaks -,$725,725.00,725.00,725.00,0.440031949,0–1 mi,https://offcampus.dasa.ncsu.edu/housing/property/university-oaks/ocp2evl6hb
ocpvlydr3e,Reavis ---Brand New Luxury Housing within walking distance to NCSU,$925 - $975,925.00,975.00,950.00,0.846079213,0–1 mi,https://offcampus.dasa.ncsu.edu/housing/property/reavis-brand-new-luxury-housing-within-walking-distance-to-ncsu/ocpvlydr3e
ocpxdxd79p,4BR/4BA Condo| On Wolfline | Preleasing 27-28 Special $850 Util/Parking Incld | Mile to Campus,$875,875.00,875.00,875.00,0.655411437,0–1 mi,https://offcampus.dasa.ncsu.edu/housing/property/4br-4ba-condo-on-wolfline-preleasing-27-28-special-850-util-parking-incld-mile-to-campus/ocpxdxd79p
ocpm68s5sh,Burt Drive Townhouses---Brand New Luxury Housing within walking distance to NCSU,"$1,050",1050.00,1050.00,1050.00,0.339887457,0–1 mi,https://offcampus.dasa.ncsu.edu/housing/property/burt-drive-townhouses-brand-new-luxury-housing-within-walking-distance-to-ncsu/ocpm68s5sh
ocp2k0px98,Liberty station male only townhome- 5 miles from Centennial,$900,900.00,900.00,900.00,4.064953715,>3–5 mi,https://offcampus.dasa.ncsu.edu/housing/property/liberty-station-male-only-townhome-5-miles-from-centennial/ocp2k0px98
z8cfdjw,Campus Crossings Raleigh,$685 - $870,685.00,870.00,777.50,2.420198986,>1–3 mi,https://offcampus.dasa.ncsu.edu/housing/property/campus-crossings-raleigh/z8cfdjw
ocp6mp93ms,Newly Renovated - All Girls Unit Room with Private Bathroom,$645,645.00,645.00,645.00,2.193838767,>1–3 mi,https://offcampus.dasa.ncsu.edu/housing/property/newly-renovated-all-girls-unit-room-with-private-bathroom/ocp6mp93ms
75medjw,Brickside,"$999 - $1,825",999.00,1825.00,1412.00,0.907876187,0–1 mi,https://offcampus.dasa.ncsu.edu/housing/property/brickside/75medjw
ocp6wsb4yt,We have 1 bedroom open In a luxury 5 bed 5 full bath house 1/1/27-6/30/27,"$1,200",1200.00,1200.00,1200.00,1.634704383,>1–3 mi,https://offcampus.dasa.ncsu.edu/housing/property/we-have-1-bedroom-open-in-a-luxury-5-bed-5-full-bath-house-1-1-27-6-30-27/ocp6wsb4yt
5x5ph7m,Redpoint Raleigh,$899 - $995,899.00,995.00,947.00,2.696273350,>1–3 mi,https://offcampus.dasa.ncsu.edu/housing/property/redpoint-raleigh/5x5ph7m
syvz9l4,The Wilde,$599 - $920,599.00,920.00,759.50,2.029406075,>1–3 mi,https://offcampus.dasa.ncsu.edu/housing/property/the-wilde/syvz9l4
ocph8n0fc0,Affordable Student Housing 1 Block from Campus on Wolf Line,$640,640.00,640.00,640.00,0.443404653,0–1 mi,https://offcampus.dasa.ncsu.edu/housing/property/affordable-student-housing-1-block-from-campus-on-wolf-line/ocph8n0fc0
ocpx3vt61n,FURNISHED NCSU STUDENT HOUSING – TOWNHOME ROOM RENTAL WITH PRIVATE BATHROOM ($850/room),$850,850.00,850.00,850.00,2.435520931,>1–3 mi,https://offcampus.dasa.ncsu.edu/housing/property/furnished-ncsu-student-housing-townhome-room-rental-with-private-bathroom-850-room/ocpx3vt61n
ocpwwwe8yh,FURNISHED TOWNHOME RENTAL – 10 Mins to NCSU - 3 Bedroom - starting $750 per room,$750,750.00,750.00,750.00,4.072730365,>3–5 mi,https://offcampus.dasa.ncsu.edu/housing/property/furnished-townhome-rental-10-mins-to-ncsu-3-bedroom-starting-750-per-room/ocpwwwe8yh
5je4q3n,Signature 1505,"$650 - $1,305",650.00,1305.00,977.50,1.339579030,>1–3 mi,https://offcampus.dasa.ncsu.edu/housing/property/signature-1505/5je4q3n
h2l8mh2,Redfield Villages,$799 - $899,799.00,899.00,849.00,0.562960879,0–1 mi,https://offcampus.dasa.ncsu.edu/housing/property/redfield-villages/h2l8mh2
ocpszex2v4,Spacious bedroom with private bath in 2BR townhome – 5 minutes to NC State,$800,800.00,800.00,800.00,0.541658593,0–1 mi,https://offcampus.dasa.ncsu.edu/housing/property/spacious-bedroom-with-private-bath-in-2br-townhome-5-minutes-to-nc-state/ocpszex2v4
jjs8f07,Village Green Student Housing,$649 - $839,649.00,839.00,744.00,1.932509975,>1–3 mi,https://offcampus.dasa.ncsu.edu/housing/property/village-green-student-housing/jjs8f07
0pm7tt3,Campus West at Tryon,$699,699.00,699.00,699.00,2.874120418,>1–3 mi,https://offcampus.dasa.ncsu.edu/housing/property/campus-west-at-tryon/0pm7tt3
ocpbhbkvy9,Voyager House,$800,800.00,800.00,800.00,1.884049975,>1–3 mi,https://offcampus.dasa.ncsu.edu/housing/property/voyager-house/ocpbhbkvy9
e13mz5m,University Suites Student Housing,$699 - $799,699.00,799.00,749.00,2.292134880,>1–3 mi,https://offcampus.dasa.ncsu.edu/housing/property/university-suites-student-housing/e13mz5m
ocpepvxvln,Village Green Student Living,$831,831.00,831.00,831.00,1.815869405,>1–3 mi,https://offcampus.dasa.ncsu.edu/housing/property/village-green-student-living/ocpepvxvln
ocpgxr290w,Spacious Forest Park Two-Room Suite + Private Bath - Walk to Campus (Includes Utilities),"$1,225",1225.00,1225.00,1225.00,1.604060636,>1–3 mi,https://offcampus.dasa.ncsu.edu/housing/property/spacious-forest-park-two-room-suite-private-bath-walk-to-campus-includes-utilities/ocpgxr290w
ocpsd8dpj6,Spacious En-suite with private patio and garage parking in Crescent Ridge Townhome Community,$900,900.00,900.00,900.00,2.725369678,>1–3 mi,https://offcampus.dasa.ncsu.edu/housing/property/spacious-en-suite-with-private-patio-and-garage-parking-in-crescent-ridge-townhome-community/ocpsd8dpj6
xcp87fm,Tryon Flats Apartments,$750,750.00,750.00,750.00,2.493227860,>1–3 mi,https://offcampus.dasa.ncsu.edu/housing/property/tryon-flats-apartments/xcp87fm
ocpsq86tm4,4bed 4bath Apartment Near Centennial Campus,$725,725.00,725.00,725.00,1.590319281,>1–3 mi,https://offcampus.dasa.ncsu.edu/housing/property/4bed-4bath-apartment-near-centennial-campus/ocpsq86tm4
ocp2gxtxqc,The Station,$969,969.00,969.00,969.00,2.152909218,>1–3 mi,https://offcampus.dasa.ncsu.edu/housing/property/the-station/ocp2gxtxqc
pxc3rhs,Room in Condo on Crab Orchard Dr,$675,675.00,675.00,675.00,1.660043019,>1–3 mi,https://offcampus.dasa.ncsu.edu/housing/property/room-in-condo-on-crab-orchard-dr/pxc3rhs
ocppbmmgnt,5 bedroom townhome available near NC State,$650,650.00,650.00,650.00,2.375235559,>1–3 mi,https://offcampus.dasa.ncsu.edu/housing/property/5-bedroom-townhome-available-near-nc-state/ocppbmmgnt
ocp176ghy4,Campus Crossings Raleigh,$865,865.00,865.00,865.00,2.375099776,>1–3 mi,https://offcampus.dasa.ncsu.edu/housing/property/campus-crossings-raleigh/ocp176ghy4
ocpx51p4tm,Condo near NCSU,$800,800.00,800.00,800.00,1.625432361,>1–3 mi,https://offcampus.dasa.ncsu.edu/housing/property/condo-near-ncsu/ocpx51p4tm
x5wd0zn,Room in House on Pineland Cir,$700,700.00,700.00,700.00,1.688144235,>1–3 mi,https://offcampus.dasa.ncsu.edu/housing/property/room-in-house-on-pineland-cir/x5wd0zn
ocphdtdgk2,105 Friendly Drive! Furnished Room Rentals with Utilities!,"$775 - $1,050",775.00,1050.00,912.50,0.734302196,0–1 mi,https://offcampus.dasa.ncsu.edu/housing/property/105-friendly-drive-furnished-room-rentals-with-utilities/ocphdtdgk2
ocp4lh373j,"Hub Raleigh – 4x2 Lease Takeover, Available Now","$1,199",1199.00,1199.00,1199.00,1.249575868,>1–3 mi,https://offcampus.dasa.ncsu.edu/housing/property/hub-raleigh-4x2-lease-takeover-available-now/ocp4lh373j
ocp5cx5drn,Valentine Commons,"$1,000 - $1,300",1000.00,1300.00,1150.00,0.636006642,0–1 mi,https://offcampus.dasa.ncsu.edu/housing/property/valentine-commons/ocp5cx5drn
se736e5,College Inn,"$859 - $1,275",859.00,1275.00,1067.00,0.246460777,0–1 mi,https://offcampus.dasa.ncsu.edu/housing/property/college-inn/se736e5
ocp1ddchy6,Village Green,$930,930.00,930.00,930.00,1.966488918,>1–3 mi,https://offcampus.dasa.ncsu.edu/housing/property/village-green/ocp1ddchy6
kf77vv8,Room in Condo on Collegiate Cir,$675,675.00,675.00,675.00,1.630531465,>1–3 mi,https://offcampus.dasa.ncsu.edu/housing/property/room-in-condo-on-collegiate-cir/kf77vv8
ocphycq162,Cozy house 10 min walk to campus,"$1,500",1500.00,1500.00,1500.00,1.258758084,>1–3 mi,https://offcampus.dasa.ncsu.edu/housing/property/cozy-house-10-min-walk-to-campus/ocphycq162
hz5leg1,Room in Townhome on Ivory Run Way,$690,690.00,690.00,690.00,2.412561562,>1–3 mi,https://offcampus.dasa.ncsu.edu/housing/property/room-in-townhome-on-ivory-run-way/hz5leg1
ocpszqbd35,Signature 1505 4X4 Apartment,"$1,230",1230.00,1230.00,1230.00,1.309798751,>1–3 mi,https://offcampus.dasa.ncsu.edu/housing/property/signature-1505-4x4-apartment/ocpszqbd35
jkg82q6,Room in House on Joyner Pl,$700,700.00,700.00,700.00,4.516524137,>3–5 mi,https://offcampus.dasa.ncsu.edu/housing/property/room-in-house-on-joyner-pl/jkg82q6
ocp0gblz91,Great value in beautiful SW Raleigh,$850,850.00,850.00,850.00,3.494769248,>3–5 mi,https://offcampus.dasa.ncsu.edu/housing/property/great-value-in-beautiful-sw-raleigh/ocp0gblz91
ocpteqgjg8,Huge modern studio suite- private entrance and beth- near NCSU,"$1,150",1150.00,1150.00,1150.00,2.969896437,>1–3 mi,https://offcampus.dasa.ncsu.edu/housing/property/huge-modern-studio-suite-private-entrance-and-beth-near-ncsu/ocpteqgjg8
33f756e,University Village at 2505,$799,799.00,799.00,799.00,2.237819087,>1–3 mi,https://offcampus.dasa.ncsu.edu/housing/property/university-village-at-2505/33f756e
zfenc9w,Room in Condo on Wolfmill Dr,$720,720.00,720.00,720.00,2.240360936,>1–3 mi,https://offcampus.dasa.ncsu.edu/housing/property/room-in-condo-on-wolfmill-dr/zfenc9w
49jmmdh,Room in Townhome on Haskell Dr,$563,563.00,563.00,563.00,4.067310842,>3–5 mi,https://offcampus.dasa.ncsu.edu/housing/property/room-in-townhome-on-haskell-dr/49jmmdh
bq6wzsb,Room in House on Quartz Ct,$685,685.00,685.00,685.00,4.730619122,>3–5 mi,https://offcampus.dasa.ncsu.edu/housing/property/room-in-house-on-quartz-ct/bq6wzsb
ocp4t7wmxk,University Oaks,$725,725.00,725.00,725.00,0.456914407,0–1 mi,https://offcampus.dasa.ncsu.edu/housing/property/university-oaks/ocp4t7wmxk
ocp90bdzb4,Brick Bungalow close to Campus,"$1,050",1050.00,1050.00,1050.00,3.543884361,>3–5 mi,https://offcampus.dasa.ncsu.edu/housing/property/brick-bungalow-close-to-campus/ocp90bdzb4
ocpq99qjpx,Apartment close to NCSU,$645,645.00,645.00,645.00,1.653317243,>1–3 mi,https://offcampus.dasa.ncsu.edu/housing/property/apartment-close-to-ncsu/ocpq99qjpx
ocps6ymwl7,University Woods,$600,600.00,600.00,600.00,2.123645671,>1–3 mi,https://offcampus.dasa.ncsu.edu/housing/property/university-woods/ocps6ymwl7
9m73sq5,Room in Townhome on Macedonia Lake Dr,$800,800.00,800.00,800.00,4.036728026,>3–5 mi,https://offcampus.dasa.ncsu.edu/housing/property/room-in-townhome-on-macedonia-lake-dr/9m73sq5
ocpvgtpebg,Lake Park Condos- Room Rental with Utilities,$500 - $600,500.00,600.00,550.00,1.637356936,>1–3 mi,https://offcampus.dasa.ncsu.edu/housing/property/lake-park-condos-room-rental-with-utilities/ocpvgtpebg
5hme2mn,The Station Raleigh,"$749 - $1,930",749.00,1930.00,1339.50,2.173712249,>1–3 mi,https://offcampus.dasa.ncsu.edu/housing/property/the-station-raleigh/5hme2mn
lpl9fce,"2850 Sanderford Rd (Raleigh, NC)",$650,650.00,650.00,650.00,4.772916888,>3–5 mi,https://offcampus.dasa.ncsu.edu/housing/property/2850-sanderford-rd-raleigh-nc/lpl9fce
ocpd9wnxdk,$3600 saving on 2*2 Sublet at Stanhope Apartment for NC STATE,$550,550.00,550.00,550.00,0.702468111,0–1 mi,https://offcampus.dasa.ncsu.edu/housing/property/3600-saving-on-2-2-sublet-at-stanhope-apartment-for-nc-state/ocpd9wnxdk
ocp67ldb5s,The Wilde,$860,860.00,860.00,860.00,2.038270328,>1–3 mi,https://offcampus.dasa.ncsu.edu/housing/property/the-wilde/ocp67ldb5s
ocp0psn632,An apartments with 3 bed and 3 bath for NC State Students www.ncstudentsliving.com,$650,650.00,650.00,650.00,2.262000465,>1–3 mi,https://offcampus.dasa.ncsu.edu/housing/property/an-apartments-with-3-bed-and-3-bath-for-nc-state-students-www-ncstudentsliving-com/ocp0psn632
ocpk5yz73b,Stanhope Student Apartments,"$1,300",1300.00,1300.00,1300.00,0.702468111,0–1 mi,https://offcampus.dasa.ncsu.edu/housing/property/stanhope-student-apartments/ocpk5yz73b
ocp5lwrmvq,"Convenient Kaplan Dr property near NCSU buses, park, grocery, with parking space & private bathroom",$675,675.00,675.00,675.00,0.716855117,0–1 mi,https://offcampus.dasa.ncsu.edu/housing/property/convenient-kaplan-dr-property-near-ncsu-buses-park-grocery-with-parking-space-and-private-bathroom/ocp5lwrmvq
ocpq292qyw,1st Month FREE!,$625,625.00,625.00,625.00,2.215850713,>1–3 mi,https://offcampus.dasa.ncsu.edu/housing/property/1st-month-free/ocpq292qyw
ocpsnmx4w4,"""Avery Close "" condos room available across from Centennial Campus NCSU NC State Raleigh",$750,750.00,750.00,750.00,0.376048105,0–1 mi,https://offcampus.dasa.ncsu.edu/housing/property/avery-close-condos-room-available-across-from-centennial-campus-ncsu-nc-state-raleigh/ocpsnmx4w4
